"rd92","rd95","rd96","rd97","rd99","rd05"
1194,101,101,101,101,"101"
105,105,105,105,105,"105"
109,109,109,109,109,"109"
111,111,111,111,111,NA
112,112,112,112,112,NA
119,119,119,119,119,"119"
121,121,121,121,121,NA
122,122,122,122,122,"122"
123,123,123,123,123,NA
124,124,124,124,124,"124"
127,127,127,127,127,NA
128,128,128,128,128,NA
129,129,129,129,129,"129"
131,131,131,131,131,"131"
132,132,132,132,132,"132"
133,133,133,133,133,NA
134,134,134,134,134,"134"
135,135,135,135,135,"135"
138,138,138,138,138,"138"
139,139,139,139,139,"139"
141,141,141,141,141,"141"
142,142,142,142,142,"142"
143,143,143,143,143,"143"
144,144,144,144,144,"144"
145,145,145,145,145,"145"
146,146,146,146,146,"146"
147,147,147,147,147,"147"
148,148,148,148,148,NA
151,151,151,151,151,"151"
152,152,152,152,152,"152"
153,153,153,153,153,"153"
154,154,154,154,154,"154"
155,155,155,155,155,"155"
156,156,156,156,156,"156"
157,157,157,157,157,"157"
158,158,158,158,158,NA
159,159,159,159,159,"159"
161,161,161,161,161,"161"
162,162,162,162,162,"162"
163,163,163,163,163,"163"
164,164,164,164,164,"164"
165,165,165,165,165,"165"
166,166,166,166,166,"166"
171,171,171,171,171,"171"
174,174,174,174,174,"174"
176,176,176,176,176,"176"
181,181,181,181,181,"181"
182,182,182,182,182,"182"
185,185,185,185,185,"185"
191,191,191,191,191,"191"
192,192,192,192,192,"192"
195,195,195,195,195,"195"
211,211,211,211,211,"211"
212,212,212,212,212,"212"
213,213,213,213,213,"213"
214,214,214,214,214,NA
215,215,215,215,215,"215"
217,217,217,217,217,"217"
219,219,219,219,219,"219"
221,221,221,221,221,"221"
222,222,222,222,222,"222"
224,224,224,224,224,NA
231,231,231,231,231,"231"
232,232,232,232,232,"232"
233,233,233,233,233,"233"
234,234,234,234,234,"234"
235,235,235,235,235,"235"
236,236,236,236,236,"236"
237,237,237,237,237,"237"
238,238,238,238,238,"238"
239,239,239,239,239,"239"
241,241,241,241,241,"241"
242,242,242,242,242,"242"
243,243,243,243,243,"243"
244,244,244,244,244,"244"
245,245,245,245,245,"245"
246,246,246,246,246,NA
247,247,247,247,247,NA
249,249,249,249,249,"249"
251,251,251,251,251,NA
252,252,252,252,252,NA
256,256,256,256,256,NA
257,257,257,257,257,NA
264,264,264,264,264,NA
266,266,266,266,266,NA
267,267,267,267,267,NA
269,269,269,269,269,"269"
275,275,275,275,275,"275"
276,276,276,276,276,"276"
279,279,279,279,279,"279"
281,281,281,281,281,"281"
282,282,282,282,282,"282"
286,286,286,286,286,"286"
289,289,289,289,289,"289"
291,291,291,291,291,"291"
292,292,292,292,292,"292"
296,296,296,296,296,"296"
299,299,299,299,299,"299"
781,301,301,301,301,"301"
793,303,303,303,303,"303"
311,305,305,305,305,"305"
312,307,307,307,307,"307"
309,309,309,309,309,"309"
791,311,311,311,311,"311"
794,312,312,312,312,"312"
313,313,313,313,313,"313"
314,314,314,314,314,"314"
315,315,315,315,315,"315"
316,316,316,316,316,"316"
317,317,317,317,317,"317"
318,318,318,318,318,"318"
319,319,319,319,319,"319"
795,321,321,321,321,"321"
326,326,326,326,326,"326"
327,327,327,327,327,"327"
328,328,328,328,328,"328"
329,329,329,329,329,"329"
331,331,331,331,331,"331"
332,332,332,332,332,"332"
333,333,333,333,333,"333"
334,334,334,334,334,"334"
335,335,335,335,335,"335"
336,336,336,336,336,"336"
337,337,337,337,337,"337"
338,338,338,338,338,"338"
797,341,341,341,341,"341"
796,343,343,343,343,"343"
351,351,351,351,351,"351"
353,353,353,353,353,"353"
354,354,354,354,354,"354"
355,355,355,355,355,"355"
356,356,356,356,356,"356"
357,357,357,357,357,"357"
358,358,358,358,358,"358"
359,359,359,359,359,"359"
361,361,361,361,361,"361"
362,362,362,362,362,"362"
363,363,363,363,363,"363"
373,373,373,373,373,"373"
374,374,374,374,374,"374"
375,375,375,375,375,"375"
376,376,376,376,376,"376"
377,377,377,377,377,"377"
378,378,378,378,378,"378"
391,391,391,391,391,"391"
1201,392,392,392,392,"392"
393,393,393,393,393,"393"
394,394,394,394,394,"394"
395,395,395,395,395,"395"
397,397,397,397,397,"397"
398,398,398,398,398,"398"
399,399,399,399,399,"399"
401,401,401,401,401,"401"
402,402,402,402,402,"402"
403,403,403,403,403,"403"
404,404,404,404,404,NA
405,405,405,405,405,"405"
406,406,406,406,406,NA
407,407,407,407,407,NA
408,408,408,408,408,"408"
409,409,409,409,409,"409"
411,411,411,411,411,"411"
412,412,412,412,412,"412"
413,413,413,413,413,"413"
414,414,414,414,414,"414"
415,415,415,415,415,NA
416,416,416,416,416,NA
421,421,421,421,421,"421"
422,422,422,422,422,"422"
423,423,423,423,423,"423"
424,424,424,424,424,"424"
427,427,427,427,427,"427"
428,428,428,428,428,"428"
429,429,429,429,429,"429"
437,437,437,437,437,"437"
438,438,438,438,438,"438"
439,439,439,439,439,"439"
441,441,441,441,441,"441"
442,442,442,442,442,"442"
443,443,443,443,443,"443"
445,445,445,445,445,"445"
448,448,448,448,448,"448"
449,449,449,449,449,"449"
451,451,451,451,451,"451"
452,452,452,452,452,"452"
453,453,453,453,453,"453"
455,455,455,455,455,"455"
457,457,457,457,457,"457"
459,459,459,459,459,"459"
462,462,462,462,462,"462"
463,463,463,463,463,"463"
466,466,466,466,466,"466"
467,467,467,467,467,"467"
468,468,468,468,468,"468"
469,469,469,469,469,"469"
471,471,471,471,471,"471"
473,473,473,473,473,"473"
477,477,477,477,477,"477"
478,478,478,478,478,"478"
479,479,479,479,479,"479"
483,483,483,483,483,"483"
487,487,487,487,487,"487"
488,488,488,488,488,"488"
491,491,491,491,491,"491"
497,497,497,497,497,"497"
499,499,499,499,499,"499"
1891,1891,501,501,501,NA
1892,1892,502,502,502,NA
501,501,504,504,504,"504"
502,502,505,505,505,"505"
503,503,506,506,506,"506"
504,504,507,507,507,"507"
505,505,508,508,508,NA
506,506,509,509,509,NA
511,511,511,511,511,"511"
512,512,512,512,512,"512"
513,513,513,513,513,"513"
514,514,514,514,514,"514"
515,515,515,515,515,"515"
516,516,516,516,516,"516"
517,517,517,517,517,"517"
519,519,519,519,519,"519"
521,521,521,521,521,"521"
523,523,523,523,523,"523"
524,524,524,524,524,"524"
525,525,525,525,525,"525"
527,527,527,527,527,"527"
529,529,529,529,529,"529"
541,541,541,541,541,"541"
551,551,551,551,551,"551"
555,555,555,555,555,"555"
557,557,557,557,557,"557"
558,558,558,558,558,"558"
559,559,559,559,559,"559"
561,561,561,561,561,"561"
562,562,562,562,562,"562"
563,563,563,563,563,"563"
565,565,565,565,565,"565"
567,567,567,567,567,"567"
569,569,569,569,569,"569"
581,581,581,581,581,"581"
583,583,583,583,583,"583"
584,584,584,584,584,"584"
585,585,585,585,585,"585"
587,587,587,587,587,"587"
589,589,589,589,589,"589"
599,599,599,599,599,"599"
604,604,604,604,604,"604"
609,609,609,609,609,"609"
615,615,615,615,615,"615"
621,621,621,621,621,"621"
622,622,622,622,622,"622"
625,625,625,625,625,"625"
626,626,626,626,626,"626"
627,627,627,627,627,"627"
628,628,628,628,628,"628"
629,629,629,629,629,NA
631,631,631,631,631,"631"
632,632,632,632,632,"632"
635,635,635,635,635,NA
636,636,636,636,636,NA
637,637,637,637,637,"637"
638,638,638,638,638,"638"
639,639,639,639,639,"639"
642,642,642,642,642,"642"
643,643,643,643,643,NA
644,644,644,644,644,NA
645,645,645,645,645,"645"
646,646,646,646,646,"646"
647,647,647,647,647,"647"
649,649,649,649,649,"649"
665,665,665,665,665,"665"
666,666,666,666,666,"666"
667,667,667,667,667,NA
668,668,668,668,668,NA
669,669,669,669,669,"669"
671,671,671,671,671,"671"
672,672,672,672,672,"672"
674,674,674,674,674,"674"
676,676,676,676,676,"676"
677,677,677,677,677,"677"
678,678,678,678,678,"678"
679,679,679,679,679,"679"
691,691,691,691,691,"691"
692,692,692,692,692,"692"
693,693,693,693,693,"693"
694,694,694,694,694,"694"
697,697,697,697,697,"697"
699,699,699,699,699,"699"
701,701,701,701,701,"701"
702,702,702,702,702,"702"
703,703,703,703,703,"703"
704,704,704,704,704,"704"
705,705,705,705,705,"705"
675,706,706,706,706,"706"
696,707,707,707,707,"707"
708,708,708,708,708,"708"
709,709,709,709,709,"709"
711,711,711,711,711,"711"
714,714,714,714,714,"714"
715,715,715,715,715,"715"
695,716,716,716,716,"716"
706,717,717,717,717,"717"
707,718,718,718,718,"718"
719,719,719,719,719,NA
721,721,721,721,721,"721"
722,722,722,722,722,"722"
723,723,723,723,723,"723"
724,724,724,724,724,"724"
725,725,725,725,725,"725"
726,726,726,726,726,"726"
727,727,727,727,727,NA
728,728,728,728,728,NA
729,729,729,729,729,NA
731,731,731,731,731,"731"
732,732,732,732,732,"732"
733,733,733,733,733,"733"
734,734,734,734,734,"734"
735,735,735,735,735,"735"
736,736,736,736,736,"736"
737,737,737,737,737,"737"
738,738,738,738,738,"738"
739,739,739,739,739,"739"
741,741,741,741,741,"741"
742,742,742,742,742,"742"
743,743,743,743,743,"743"
745,745,745,745,745,"745"
746,746,746,746,746,"746"
747,747,747,747,747,"747"
748,748,748,748,748,NA
749,749,749,749,749,NA
758,754,754,754,754,NA
759,755,755,755,755,NA
271,756,756,756,756,"756"
261,757,757,757,757,NA
262,758,758,758,758,NA
272,759,759,759,759,NA
761,761,761,761,761,"761"
762,762,762,762,762,"762"
763,763,763,763,763,"763"
764,764,764,764,764,"764"
765,765,765,765,765,"765"
766,766,766,766,766,"766"
767,767,767,767,767,NA
768,768,768,768,768,NA
273,769,769,769,769,NA
771,771,771,771,771,"771"
772,772,772,772,772,"772"
773,773,773,773,773,"773"
774,774,774,774,774,"774"
775,775,775,775,775,"775"
776,776,776,776,776,"776"
777,777,777,777,777,NA
778,778,778,778,778,NA
779,779,779,779,779,"779"
782,782,782,782,782,"782"
783,783,783,783,783,"783"
784,784,784,784,784,"784"
785,785,785,785,785,"785"
786,786,786,786,786,"786"
787,787,787,787,787,"787"
788,788,788,788,788,"788"
789,789,789,789,789,"789"
801,801,801,801,801,NA
802,802,802,802,802,"802"
803,803,803,803,803,"803"
804,804,804,804,804,"804"
805,805,805,805,805,"805"
806,806,806,806,806,"806"
807,807,807,807,807,"807"
808,808,808,808,808,"808"
809,809,809,809,809,"809"
811,811,811,811,811,NA
812,812,812,812,812,"812"
813,813,813,813,813,"813"
814,814,814,814,814,"814"
815,815,815,815,815,"815"
816,816,816,816,816,"816"
817,817,817,817,817,"817"
818,818,818,818,818,"818"
819,819,819,819,819,"819"
821,821,821,821,821,"821"
822,822,822,822,822,"822"
823,823,823,823,823,"823"
824,824,824,824,824,"824"
825,825,825,825,825,"825"
826,826,826,826,826,"826"
827,827,827,827,827,"827"
828,828,828,828,828,"828"
829,829,829,829,829,"829"
831,831,831,831,831,"831"
832,832,832,832,832,"832"
833,833,833,833,833,"833"
834,834,834,834,834,"834"
835,835,835,835,835,"835"
836,836,836,836,836,"836"
839,839,839,839,839,"839"
841,841,841,841,841,"841"
842,842,842,842,842,"842"
847,847,847,847,847,"847"
848,848,848,848,848,"848"
849,849,849,849,849,"849"
851,851,851,851,851,"851"
852,852,852,852,852,"852"
853,853,853,853,853,"853"
854,854,854,854,854,"854"
857,857,857,857,857,"857"
858,858,858,858,858,"858"
859,859,859,859,859,"859"
881,881,881,881,881,"881"
882,882,882,882,882,"882"
883,883,883,883,883,"883"
884,884,884,884,884,"884"
885,885,885,885,885,"885"
886,886,886,886,886,"886"
887,887,887,887,887,"887"
889,889,889,889,889,"889"
891,891,891,891,891,"891"
892,892,892,892,892,"892"
893,893,893,893,893,"893"
895,895,895,895,895,NA
896,896,896,896,896,NA
897,897,897,897,897,"897"
898,898,898,898,898,"898"
899,899,899,899,899,"899"
1019,911,911,911,911,"911"
1029,921,921,921,921,"921"
921,922,922,922,922,"922"
923,923,923,923,923,"923"
924,924,924,924,924,"924"
925,925,925,925,925,"925"
926,926,926,926,926,"926"
927,927,927,927,927,"927"
1039,931,931,931,931,"931"
932,932,932,932,932,"932"
934,934,934,934,934,"934"
935,935,935,935,935,"935"
936,936,936,936,936,"936"
937,937,937,937,937,"937"
938,938,938,938,938,"938"
941,941,941,941,941,"941"
942,942,942,942,942,"942"
944,944,944,944,944,"944"
945,945,945,945,945,"945"
946,946,946,946,946,"946"
948,948,948,948,948,"948"
1049,951,951,951,951,"951"
952,952,952,952,952,"952"
955,955,955,955,955,"955"
956,956,956,956,956,"956"
957,957,957,957,957,"957"
958,958,958,958,958,"958"
961,961,961,961,961,"961"
962,962,962,962,962,"962"
963,963,963,963,963,"963"
964,964,964,964,964,"964"
965,965,965,965,965,"965"
966,966,966,966,966,"966"
968,968,968,968,968,"968"
969,969,969,969,969,"969"
972,972,972,972,972,"972"
973,973,973,973,973,"973"
974,974,974,974,974,"974"
975,975,975,975,975,"975"
976,976,976,976,976,"976"
979,977,977,977,977,"977"
1561,978,978,978,978,"978"
1541,979,979,979,979,"979"
983,983,983,983,983,"983"
984,984,984,984,984,"984"
986,986,986,986,986,"986"
988,988,988,988,988,"988"
989,989,989,989,989,"989"
995,995,995,995,995,"995"
999,998,998,998,998,"998"
1591,999,999,999,999,"999"
1761,1001,1001,1001,1001,"1771"
1781,1002,1002,1002,1002,NA
1003,1003,1003,1003,1003,"1003"
1004,1004,1004,1004,1004,"1004"
1005,1005,1005,1005,1005,"1005"
1006,1006,1006,1006,1006,"1006"
1007,1007,1007,1007,1007,"1007"
1008,1008,1008,1008,1008,"1008"
1001,1011,1011,1011,1011,"1011"
1002,1012,1012,1012,1012,"1012"
1013,1013,1013,1013,1013,NA
1014,1014,1014,1014,1014,"1014"
1015,1015,1015,1015,1015,"1015"
1016,1016,1016,1016,1016,"1016"
1017,1017,1017,1017,1017,"1017"
1011,1021,1021,1021,1021,"1021"
1012,1022,1022,1022,1022,NA
1024,1024,1024,1024,1024,"1024"
1025,1025,1025,1025,1025,"1025"
1026,1026,1026,1026,1026,"1026"
1027,1027,1027,1027,1027,"1027"
1028,1028,1028,1028,1028,"1028"
1032,1032,1032,1032,1032,"1032"
1033,1033,1033,1033,1033,"1033"
1034,1034,1034,1034,1034,"1034"
1035,1035,1035,1035,1035,"1035"
1036,1036,1036,1036,1036,"1036"
1037,1037,1037,1037,1037,"1037"
1038,1038,1038,1038,1038,"1038"
1042,1042,1042,1042,1042,"1042"
1043,1043,1043,1043,1043,"1043"
1044,1044,1044,1044,1044,"1044"
1045,1045,1045,1045,1045,"1045"
1046,1046,1046,1046,1046,"1046"
1047,1047,1047,1047,1047,"1047"
1066,1048,1048,1048,1048,NA
1048,1049,1049,1049,1049,"1049"
1051,1051,1051,1051,1051,"1051"
1052,1052,1052,1052,1052,"1052"
1053,1053,1053,1053,1053,"1053"
1054,1054,1054,1054,1054,"1054"
1055,1055,1055,1055,1055,NA
1056,1056,1056,1056,1056,NA
1062,1057,1057,1057,1057,"1057"
1063,1058,1058,1058,1058,"1058"
1069,971,971,1059,1059,"1059"
1071,1061,1061,1061,1061,"1061"
1072,1062,1062,1062,1062,"1062"
1074,1063,1063,1063,1063,"1063"
1075,1064,1064,1064,1064,"1064"
1064,1065,1065,1065,1065,"1065"
1065,1066,1066,1066,1066,NA
1067,1067,1067,1067,1067,NA
1068,1068,1068,1068,1068,"1068"
1078,1069,1069,1069,1069,"1069"
1081,1071,1071,1071,1071,"1071"
1073,1072,1072,1072,1072,"1072"
1082,1073,1073,1073,1073,"1073"
1083,1075,1075,1075,1075,"1075"
1076,1076,1076,1076,1076,NA
1077,1077,1077,1077,1077,"1077"
1079,1078,1078,1078,1078,"1078"
971,1079,1079,1079,1079,"1079"
1091,1081,1081,1081,1081,"1081"
1092,1082,1082,1082,1082,"1082"
1084,1083,1083,1083,1083,"1083"
1085,1084,1084,1084,1084,"1084"
1086,1085,1085,1085,1085,"1085"
1087,1086,1086,1086,1086,NA
1088,1087,1087,1087,1087,"1087"
1089,1088,1088,1088,1088,"1088"
981,1089,1089,1089,1089,"1089"
1093,1091,1091,1091,1091,NA
1094,1092,1092,1092,1092,"1092"
1095,1093,1093,1093,1093,NA
1096,1094,1094,1094,1094,"1094"
1097,1095,1095,1095,1095,"1095"
1098,1096,1096,1096,1096,"1096"
1099,1097,1097,1097,1097,"1097"
993,1098,1098,1098,1098,"1098"
991,1099,1099,1099,1099,"1099"
1101,1101,1101,1101,1101,"1101"
1102,1102,1102,1102,1102,"1102"
1105,1105,1105,1105,1105,"1105"
1109,1109,1109,1109,1109,"1109"
1112,1112,1112,1112,1112,"1112"
1113,1113,1113,1113,1113,"1113"
1115,1115,1115,1115,1115,"1115"
1117,1117,1117,1117,1117,"1117"
1119,1119,1119,1119,1119,"1119"
1122,1122,1122,1122,1122,"1122"
1123,1123,1123,1123,1123,"1123"
1124,1124,1124,1124,1124,NA
1125,1125,1125,1125,1125,"1125"
1126,1126,1126,1126,1126,"1126"
1127,1127,1127,1127,1127,"1127"
1128,1128,1128,1128,1128,"1128"
1129,1129,1129,1129,1129,"1129"
1132,1132,1132,1132,1132,"1132"
1133,1133,1133,1133,1133,"1133"
1134,1134,1134,1134,1134,NA
1135,1135,1135,1135,1135,"1135"
1136,1136,1136,1136,1136,"1136"
1137,1137,1137,1137,1137,"1137"
1138,1138,1138,1138,1138,"1138"
1139,1139,1139,1139,1139,"1139"
1141,1141,1141,1141,1141,"1141"
1142,1142,1142,1142,1142,"1142"
1143,1143,1143,1143,1143,"1143"
1144,1144,1144,1144,1144,"1144"
1145,1145,1145,1145,1145,"1145"
1146,1146,1146,1146,1146,"1146"
1147,1147,1147,1147,1147,"1147"
1148,1148,1148,1148,1148,"1148"
1149,1149,1149,1149,1149,"1149"
1151,1151,1151,1151,1151,"1151"
1152,1152,1152,1152,1152,"1152"
1157,1157,1157,1157,1157,"1157"
1158,1158,1158,1158,1158,"1158"
1159,1159,1159,1159,1159,"1159"
1161,1161,1161,1161,1161,"1161"
1162,1162,1162,1162,1162,"1162"
1171,1171,1171,1171,1171,"1171"
1172,1172,1172,1172,1172,"1172"
1173,1173,1173,1173,1173,"1173"
1174,1174,1174,1174,1174,"1174"
1175,1175,1175,1175,1175,"1175"
1176,1176,1176,1176,1176,"1176"
1177,1177,1177,1177,1177,"1177"
1179,1179,1179,1179,1179,"1179"
1181,1181,1181,1181,1181,"1181"
1184,1184,1184,1184,1184,"1184"
1185,1185,1185,1185,1185,"1185"
1186,1186,1186,1186,1186,"1186"
1189,1189,1189,1189,1189,"1189"
1195,1195,1195,1195,1195,"1195"
1199,1199,1199,1199,1199,"1199"
1203,1203,1203,1203,1203,"1203"
1204,1204,1204,1204,1204,"1204"
1205,1205,1205,1205,1205,"1205"
1208,1208,1208,1208,1208,"1208"
1209,1209,1209,1209,1209,"1209"
1211,1211,1211,1211,1211,"1211"
1213,1213,1213,1213,1213,"1213"
1215,1215,1215,1215,1215,"1215"
1218,1218,1218,1218,1218,"1218"
1219,1219,1219,1219,1219,"1219"
1231,1231,1231,1231,1231,"1231"
1232,1232,1232,1232,1232,"1232"
1233,1233,1233,1233,1233,"1233"
1235,1235,1235,1235,1235,"1235"
1239,1239,1239,1239,1239,"1239"
1241,1241,1241,1241,1241,"1241"
1242,1242,1242,1242,1242,"1242"
1243,1243,1243,1243,1243,"1243"
1245,1245,1245,1245,1245,"1245"
1248,1248,1248,1248,1248,"1248"
1249,1249,1249,1249,1249,"1249"
1251,1251,1251,1251,1251,"1251"
1252,1252,1252,1252,1252,"1252"
1253,1253,1253,1253,1253,"1253"
1255,1255,1255,1255,1255,"1255"
1256,1256,1256,1256,1256,"1256"
1258,1258,1258,1258,1258,"1258"
1259,1259,1259,1259,1259,"1259"
1263,1263,1263,1263,1263,"1263"
1265,1265,1265,1265,1265,"1265"
1266,1266,1266,1266,1266,"1266"
1268,1268,1268,1268,1268,"1268"
1269,1269,1269,1269,1269,"1269"
1273,1273,1273,1273,1273,"1273"
1283,1283,1283,1283,1283,"1283"
1293,1293,1293,1293,1293,"1293"
1303,1303,1303,1303,1303,"1303"
1307,1307,1307,1307,1307,"1307"
1309,1309,1309,1309,1309,"1309"
1311,1311,1311,1311,1311,"1311"
1313,1313,1313,1313,1313,"1313"
1317,1317,1317,1317,1317,"1317"
1321,1321,1321,1321,1321,"1321"
1323,1323,1323,1323,1323,"1323"
1325,1325,1325,1325,1325,"1325"
1327,1327,1327,1327,1327,"1327"
1331,1331,1331,1331,1331,"1331"
1333,1333,1333,1333,1333,"1333"
1341,1341,1341,1341,1341,"1341"
1342,1342,1342,1342,1342,"1342"
1343,1343,1343,1343,1343,"1343"
1345,1345,1345,1345,1345,"1345"
1347,1347,1347,1347,1347,"1347"
1351,1351,1351,1351,1351,"1351"
1352,1352,1352,1352,1352,"1352"
1353,1353,1353,1353,1353,"1353"
1361,1361,1361,1361,1361,"1361"
1362,1362,1362,1362,1362,"1362"
1363,1363,1363,1363,1363,"1363"
1365,1365,1365,1365,1365,"1365"
1367,1367,1367,1367,1367,"1367"
1371,1371,1371,1371,1371,"1371"
1373,1373,1373,1373,1373,"1373"
1375,1375,1375,1375,1375,"1375"
1377,1377,1377,1377,1377,"1377"
1381,1381,1381,1381,1381,"1381"
1383,1383,1383,1383,1383,"1383"
1385,1385,1385,1385,1385,"1385"
1391,1391,1391,1391,1391,"1391"
1393,1393,1393,1393,1393,"1393"
1395,1395,1395,1395,1395,"1395"
1401,1401,1401,1401,1401,"1401"
1402,1402,1402,1402,1402,"1402"
1403,1403,1403,1403,1403,"1403"
1405,1405,1405,1405,1405,"1405"
1406,1406,1406,1406,1406,"1406"
1407,1407,1407,1407,1407,"1407"
1408,1408,1408,1408,1408,"1408"
1409,1409,1409,1409,1409,"1409"
1411,1411,1411,1411,1411,NA
1412,1412,1412,1412,1412,"1412"
1413,1413,1413,1413,1413,"1413"
1414,1414,1414,1414,1414,"1414"
1415,1415,1415,1415,1415,"1415"
1416,1416,1416,1416,1416,"1416"
1424,1424,1424,1424,1424,"1424"
1425,1425,1425,1425,1425,"1425"
1426,1426,1426,1426,1426,"1426"
1427,1427,1427,1427,1427,"1427"
1428,1428,1428,1428,1428,"1428"
1431,1431,1431,1431,1431,NA
1432,1432,1432,1432,1432,"1432"
1433,1433,1433,1433,1433,"1433"
1434,1434,1434,1434,1434,"1434"
1435,1435,1435,1435,1435,"1435"
1436,1436,1436,1436,1436,"1436"
1437,1437,1437,1437,1437,NA
1438,1438,1438,1438,1438,NA
1441,1441,1441,1441,1441,NA
1443,1443,1443,1443,1443,"1443"
1444,1444,1444,1444,1444,"1444"
1445,1445,1445,1445,1445,"1445"
1446,1446,1446,1446,1446,"1446"
1449,1449,1449,1449,1449,"1449"
1451,1451,1451,1451,1451,"1451"
1452,1452,1452,1452,1452,"1452"
1453,1453,1453,1453,1453,"1453"
1454,1454,1454,1454,1454,NA
1455,1455,1455,1455,1455,NA
1456,1456,1456,1456,1456,"1456"
1457,1457,1457,1457,1457,"1457"
1458,1458,1458,1458,1458,"1458"
1459,1459,1459,1459,1459,"1459"
1462,1462,1462,1462,1462,NA
1463,1463,1463,1463,1463,NA
1464,1464,1464,1464,1464,"1464"
1465,1465,1465,1465,1465,"1465"
1466,1466,1466,1466,1466,"1466"
1467,1467,1467,1467,1467,"1467"
1469,1469,1469,1469,1469,"1469"
1471,1471,1471,1471,1471,"1471"
1472,1472,1472,1472,1472,NA
1473,1473,1473,1473,1473,"1473"
1474,1474,1474,1474,1474,"1474"
1475,1475,1475,1475,1475,"1475"
1476,1476,1476,1476,1476,"1476"
1477,1477,1477,1477,1477,"1477"
1479,1479,1479,1479,1479,"1479"
1483,1483,1483,1483,1483,"1483"
1484,1484,1484,1484,1484,NA
1485,1485,1485,1485,1485,NA
1486,1486,1486,1486,1486,NA
1487,1487,1487,1487,1487,NA
1488,1488,1488,1488,1488,"1488"
1489,1489,1489,1489,1489,NA
1491,1491,1491,1491,1491,"1491"
1492,1492,1492,1492,1492,NA
1493,1493,1493,1493,1493,NA
1494,1494,1494,1494,1494,"1494"
1495,1495,1495,1495,1495,NA
1496,1496,1496,1496,1496,NA
1497,1497,1497,1497,1497,NA
1498,1498,1498,1498,1498,NA
1499,1499,1499,1499,1499,NA
1501,1501,1501,1501,1501,"1501"
1502,1502,1502,1502,1502,"1502"
1503,1503,1503,1503,1503,"1503"
1504,1504,1504,1504,1504,"1504"
1505,1505,1505,1505,1505,"1505"
1506,1506,1506,1506,1506,"1506"
1507,1507,1507,1507,1507,"1507"
1508,1508,1508,1508,1508,"1508"
1509,1509,1509,1509,1509,"1509"
928,1511,1511,1511,1511,"1511"
929,1512,1512,1512,1512,"1512"
1512,1513,1513,1513,1513,"1513"
1514,1514,1514,1514,1514,"1514"
1515,1515,1515,1515,1515,"1515"
1513,1516,1516,1516,1516,"1516"
1518,1518,1518,1518,1518,"1518"
1519,1519,1519,1519,1519,"1519"
939,1521,1521,1521,1521,"1521"
949,1522,1522,1522,1522,"1522"
1511,1523,1523,1523,1523,"1523"
1522,1524,1524,1524,1524,"1524"
1526,1526,1526,1526,1526,"1526"
1527,1527,1527,1527,1527,"1527"
1528,1528,1528,1528,1528,"1528"
1529,1529,1529,1529,1529,"1529"
1531,1531,1531,1531,1531,"1531"
1532,1532,1532,1532,1532,"1532"
1533,1533,1533,1533,1533,"1533"
1521,1534,1534,1534,1534,"1534"
1537,1537,1537,1537,1537,"1537"
1538,1538,1538,1538,1538,"1538"
1539,1539,1539,1539,1539,"1539"
1542,1542,1542,1542,1542,"1542"
1543,1543,1543,1543,1543,"1543"
1544,1544,1544,1544,1544,"1544"
1545,1545,1545,1545,1545,"1545"
1546,1546,1546,1546,1546,"1546"
1547,1547,1547,1547,1547,"1547"
1549,1549,1549,1549,1549,"1549"
1553,1553,1553,1553,1553,"1553"
1555,1555,1555,1555,1555,"1555"
1557,1557,1557,1557,1557,"1557"
1558,1558,1558,1558,1558,"1558"
1559,1559,1559,1559,1559,"1559"
1562,1562,1562,1562,1562,"1562"
1565,1565,1565,1565,1565,"1565"
1566,1566,1566,1566,1566,"1566"
1567,1567,1567,1567,1567,"1567"
1568,1568,1568,1568,1568,"1568"
1569,1569,1569,1569,1569,"1569"
1581,1581,1581,1581,1581,"1581"
1585,1585,1585,1585,1585,"1585"
1586,1586,1586,1586,1586,"1586"
1588,1588,1588,1588,1588,"1588"
1589,1589,1589,1589,1589,"1589"
1592,1592,1592,1592,1592,"1592"
1595,1595,1595,1595,1595,"1595"
1596,1596,1596,1596,1596,"1596"
1599,1599,1599,1599,1599,"1599"
1601,1601,1601,1601,1601,"1901"
1602,1602,1602,1602,1602,NA
1603,1603,1603,1603,1603,"1903"
1604,1604,1604,1604,1604,"1904"
1605,1605,1605,1605,1605,"1905"
1606,1606,1606,1606,1606,"1906"
1607,1607,1607,1607,1607,"1907"
1608,1608,1608,1608,1608,NA
1609,1609,1609,1609,1609,NA
1611,1611,1611,1611,1611,"1911"
1612,1612,1612,1612,1612,"1912"
1613,1613,1613,1613,1613,"1913"
1614,1614,1614,1614,1614,"1914"
1615,1615,1615,1615,1615,"1924"
1616,1616,1616,1616,1616,"1916"
1617,1617,1617,1617,1617,"1917"
1618,1618,1618,1618,1618,NA
1621,1621,1621,1621,1621,"1923"
1622,1622,1622,1622,1622,"1934"
1623,1623,1623,1623,1623,"1935"
1624,1624,1624,1624,1624,"1936"
1625,1625,1625,1625,1625,"1944"
1626,1626,1626,1626,1626,"1626"
1627,1627,1627,1627,1627,"1627"
1629,1629,1629,1629,1629,"1929"
1631,1631,1631,1631,1631,"1942"
1632,1632,1632,1632,1632,"1943;1953"
1633,1633,1633,1633,1633,NA
1634,1634,1634,1634,1634,NA
1635,1635,1635,1635,1635,"1635"
1637,1637,1637,1637,1637,NA
1639,1639,1639,1639,1639,NA
1641,1641,1641,1641,1641,"1962"
1642,1642,1642,1642,1642,"1963"
1643,1643,1643,1643,1643,"1964"
1644,1644,1644,1644,1644,"1973"
1645,1645,1645,1645,1645,"1974"
1651,1651,1651,1651,1651,"1651"
1652,1652,1652,1652,1652,"1652"
1653,1653,1653,1653,1653,"1653"
1654,1654,1654,1654,1654,"1654"
1655,1655,1655,1655,1655,NA
1656,1656,1656,1656,1656,NA
1657,1657,1657,1657,1657,"1657"
1658,1658,1658,1658,1658,"1658"
1659,1659,1659,1659,1659,NA
1661,1661,1661,1661,1661,"1661"
1662,1662,1662,1662,1662,"1662"
1663,1663,1663,1663,1663,"1663"
1664,1664,1664,1664,1664,"1664"
1665,1665,1665,1665,1665,"1665"
1666,1666,1666,1666,1666,"1666"
1667,1667,1667,1667,1667,"1667"
1668,1668,1668,1668,1668,"1668"
1669,1669,1669,1669,1669,"1669"
1671,1671,1671,1671,1671,"1671"
1672,1672,1672,1672,1672,"1672"
1673,1673,1673,1673,1673,"1673"
1674,1674,1674,1674,1674,"1674"
1675,1675,1675,1675,1675,"1675"
1676,1676,1676,1676,1676,"1676"
1677,1677,1677,1677,1677,"1677"
1678,1678,1678,1678,1678,"1678"
1681,1681,1681,1681,1681,"1681"
1682,1682,1682,1682,1682,"1682"
1683,1683,1683,1683,1683,"1683"
1684,1684,1684,1684,1684,"1684"
1685,1685,1685,1685,1685,"1685"
1686,1686,1686,1686,1686,"1686"
1687,1687,1687,1687,1687,"1687"
1688,1688,1688,1688,1688,"1688"
1689,1689,1689,1689,1689,"1689"
1691,1691,1691,1691,1691,"1691"
1692,1692,1692,1692,1692,"1692"
1693,1693,1693,1693,1693,"1693"
1694,1694,1694,1694,1694,"1694"
1695,1695,1695,1695,1695,"1695"
1696,1696,1696,1696,1696,"1696"
1697,1697,1697,1697,1697,"1697"
1699,1699,1699,1699,1699,"1699"
1701,1701,1701,1701,1701,"1701"
1702,1702,1702,1702,1702,NA
1703,1703,1703,1703,1703,NA
1704,1704,1704,1704,1704,NA
1705,1705,1705,1705,1705,"1705"
1706,1706,1706,1706,1706,NA
1707,1707,1707,1707,1707,NA
1708,1708,1708,1708,1708,"1921"
1709,1709,1709,1709,1709,"1922"
1713,1713,1713,1713,1713,NA
1714,1714,1714,1714,1714,"1714"
1715,1715,1715,1715,1715,NA
1716,1716,1716,1716,1716,"1716"
1717,1717,1717,1717,1717,"1931"
1718,1718,1718,1718,1718,"1932"
1719,1719,1719,1719,1719,"1933"
1721,1721,1721,1721,1721,NA
1722,1722,1722,1722,1722,NA
1723,1723,1723,1723,1723,"1723"
1724,1724,1724,1724,1724,"1724"
1725,1725,1725,1725,1725,"1725"
1726,1726,1726,1726,1726,"1726"
1727,1727,1727,1727,1727,"1727"
1728,1728,1728,1728,1728,"1728"
1729,1729,1729,1729,1729,"1941;1951"
1731,1731,1731,1731,1731,NA
1732,1732,1732,1732,1732,NA
1733,1733,1733,1733,1733,NA
1734,1734,1734,1734,1734,"1734"
1735,1735,1735,1735,1735,"1735"
1736,1736,1736,1736,1736,"1736"
1737,1737,1737,1737,1737,"1737"
1738,1738,1738,1738,1738,"1738"
1739,1739,1739,1739,1739,"1961"
918,918,918,918,1742,"1997"
919,919,919,919,1743,"1998"
1744,1744,1744,1744,1744,"1744"
1745,1745,1745,1745,1745,"1745"
1746,1746,1746,1746,1746,"1746"
1747,1747,1747,1747,1747,"1747"
1748,1748,1748,1748,1748,"1971"
1749,1749,1749,1749,1749,"1972"
1751,1751,1751,1751,1751,"1751"
1752,1752,1752,1752,1752,"1752"
1753,1753,1753,1753,1753,"1753"
1754,1754,1754,1754,1754,"1754"
1755,1755,1755,1755,1755,"1755"
1756,1756,1756,1756,1756,"1756"
1757,1757,1757,1757,1757,"1757"
1758,1758,1758,1758,1758,"1758"
917,917,917,917,1759,NA
1762,1762,1762,1762,1762,"1762"
1763,1763,1763,1763,1763,"1763"
1764,1764,1764,1764,1764,"1764"
1765,1765,1765,1765,1765,"1981"
1766,1766,1766,1766,1766,"1982"
1767,1767,1767,1767,1767,"1983"
1768,1768,1768,1768,1768,"1984"
1769,1769,1769,1769,1769,"1985"
1772,1772,1772,1772,1772,NA
1773,1773,1773,1773,1773,NA
1774,1774,1774,1774,1774,"1774"
1775,1775,1775,1775,1775,"1775"
1776,1776,1776,1776,1776,"1776"
1777,1777,1777,1777,1777,"1777"
1778,1778,1778,1778,1778,"1778"
909,909,909,909,1779,NA
1782,1782,1782,1782,1782,NA
1783,1783,1783,1783,1783,NA
1784,1784,1784,1784,1784,NA
1785,1785,1785,1785,1785,"1785"
1786,1786,1786,1786,1786,"1786"
1787,1787,1787,1787,1787,"1787"
1788,1788,1788,1788,1788,"1788"
1018,1789,1789,1789,1789,"901"
1791,1791,1791,1791,1791,"1791"
1792,1792,1792,1792,1792,"1792"
1793,1793,1793,1793,1793,"1793"
1794,1794,1794,1794,1794,"1991"
1795,1795,1795,1795,1795,"1992"
1796,1796,1796,1796,1796,"1993"
1797,1797,1797,1797,1797,"902"
1798,1798,1798,1798,1798,"1994"
1799,1799,1799,1799,1799,"1995"
1801,1801,1801,1801,1801,"1801"
1802,1802,1802,1802,1802,"1802"
1803,1803,1803,1803,1803,"1803"
1804,1804,1804,1804,1804,"1804"
1821,1821,1821,1821,1821,"1821"
1822,1822,1822,1822,1822,"1822"
1823,1823,1823,1823,1823,"1823"
1824,1824,1824,1824,1824,"1824"
1826,1826,1826,1826,1826,"1826"
1827,1827,1827,1827,1827,"1827"
1829,1829,1829,1829,1829,"1829"
1834,1834,1834,1834,1834,"1834"
1835,1835,1835,1835,1835,"1835"
1836,1836,1836,1836,1836,"1836"
1837,1837,1837,1837,1837,"1837"
1838,1838,1838,1838,1838,"1838"
1839,1839,1839,1839,1839,"1839"
1841,1841,1841,1841,1841,"1841"
1842,1842,1842,1842,1842,"1842"
1844,1844,1844,1844,1844,"1844"
1846,1846,1846,1846,1846,"1846"
1849,1849,1849,1849,1849,"1849"
1861,1861,1861,1861,1861,"1861"
1862,1862,1862,1862,1862,"1862"
1863,1863,1863,1863,1863,"1863"
1864,1864,1864,1864,1864,"1864"
1871,1871,1871,1871,1871,"1871"
1881,1881,1881,1881,1881,"1881"
