RD2005,RD2008,RD2007,RD2006,RD2004,RD2003,RD2002,RD2001,RD2000,RD1999,RD1998,RD1997,RD1996,RD1995,RD1994,RD1993,RD1992,RD1991,RD1990,RD1989,RD1988
101,101,101,101,101,101,101,101,101,101,101,101,101,101,1194,1194,1194,1197,1197,1197,1197
105,105,105,105,105,105,105,105,105,105,105,105,105,105,105,105,105,105,105,105,105
109,109,109,109,109,109,109,109,109,109,109,109,109,109,109,109,109,102,102,102,102
111;112;121,111;112;121,111;112;121,111;112;121,111;112;121,111;112;121,111;112;121,111;112;121,111;112;121,111;112;121,111;112;121,111;112;121,111;112;121,111;112;121,111;112;121,111;112;121,111;112;121,106;111;112;114,106;111;112;114,106;111;112;114,106;111;112;114
119,118;119,118;119,119,119,119,119,119,119,119,119,119,119,119,119,119,119,107,107,107,107
122,122,122,122,122,122,122,122,122,122,122,122,122,122,122,122,122,118,118,118,118
123;133,123;133,123;133,123;133,123;133,123;133,123;133,123;133,123;133,123;133,123;133,123;133,123;133,123;133,123;133,123;133,123;133,125,125,125,125
124,124,124,124,124,124,124,124,124,124,124,124,124,124,124,124,124,127,127,127,127
127;128,127;128,127;128,127;128,127;128,127;128,127;128,127;128,127;128,127;128,127;128,127;128,127;128,127;128,127;128,127;128,127;128,128,128,128,128
129,129,129,129,129,129,129,129,129,129,129,129,129,129,129,129,129,129,129,129,129
131,131,131,131,131,131,131,131,131,131,131,131,131,131,131,131,131,122,122,122,122
132,132,132,132,132,132,132,132,132,132,132,132,132,132,132,132,132,124,124,124,124
134,134,134,134,134,134,134,134,134,134,134,134,134,134,134,134,134,133,133,133,133
135,135,135,135,135,135,135,135,135,135,135,135,135,135,135,135,135,136,136,136,136
138,138,138,138,138,138,138,138,138,138,138,138,138,138,138,138,138,138,138,138,138
139,139,139,139,139,139,139,139,139,139,139,139,139,139,139,139,139,139,139,139,139
141,141,141,141,141,141,141,141,141,141,141,141,141,141,141,141,141,131,131,131,131
142,142,142,142,142,142,142,142,142,142,142,142,142,142,142,142,142,132,132,132,132
143,143,143,143,143,143,143,143,143,143,143,143,143,143,143,143,143,143,143,143,143
144,144,144,144,144,144,144,144,144,144,144,144,144,144,144,144,144,144,144,144,144
145,145,145,145,145,145,145,145,145,145,145,145,145,145,145,145,145,145,145,145,145
146,146,146,146,146,146,146,146,146,146,146,146,146,146,146,146,146,146,146,146,146
147,147,147,147,147,147,147,147,147,147,147,147,147,147,147,147,147,147,147,147,147
148;158,148;158,148;158,148;158,148;158,148;158,148;158,148;158,148;158,148;158,148;158,148;158,148;158,148;158,148;158,148;158,148;158,148;158,148;158,148;158,148;158
151,151,151,151,151,151,151,151,151,151,151,151,151,151,151,151,151,141,141,141,141
152,152,152,152,152,152,152,152,152,152,152,152,152,152,152,152,152,152,152,152,152
153,153,153,153,153,153,153,153,153,153,153,153,153,153,153,153,153,153,153,153,153
154,154,154,154,154,154,154,154,154,154,154,154,154,154,154,154,154,154,154,154,154
155,155,155,155,155,155,155,155,155,155,155,155,155,155,155,155,155,155,155,155,155
156,156,156,156,156,156,156,156,156,156,156,156,156,156,156,156,156,156,156,156,156
157,157,157,157,157,157,157,157,157,157,157,157,157,157,157,157,157,157,157,157,157
159,159,159,159,159,159,159,159,159,159,159,159,159,159,159,159,159,159,159,159,159
161,161,161,161,161,161,161,161,161,161,161,161,161,161,161,161,161,171,171,171,171
162,162,162,162,162,162,162,162,162,162,162,162,162,162,162,162,162,172,172,172,172
163,163,163,163,163,163,163,163,163,163,163,163,163,163,163,163,163,174,174,174,174
164,164,164,164,164,164,164,164,164,164,164,164,164,164,164,164,164,164,164,164,164
165,165,165,165,165,165,165,165,165,165,165,165,165,165,165,165,165,165,165,165,165
166,166,166,166,166,166,166,166,166,166,166,166,166,166,166,166,166,166,166,166,166
171,171,171,171,171,171,171,171,171,171,171,171,171,171,171,171,171,181,181,181,181
174,174,174,174,174,174,174,174,174,174,174,174,174,174,174,174,174,176,176,176,176
176,176,176,176,176,176,176,176,176,176,176,176,176,176,176,176,176,177,177,177,177
181,181,181,181,181,181,181,181,181,181,181,181,181,181,181,181,181,182,182,182,182
182,182,182,182,182,182,182,182,182,182,182,182,182,182,182,182,182,184,184,184,184
185,185,185,185,185,185,185,185,185,185,185,185,185,185,185,185,185,185,185,185,185
191,191,191,191,191,191,191,191,191,191,191,191,191,191,191,191,191,192,192,192,192
192,192,192,192,192,192,192,192,192,192,192,192,192,192,192,192,192,194,194,194,194
195,195,195,195,195,195,195,195,195,195,195,195,195,195,195,195,195,195,195,195,195
211,211,211,211,211,211,211,211,211,211,211,211,211,211,211,211,211,221,221,221,221
212,212;216,212;216,212,212,212,212,212,212,212,212,212,212,212,212,212,212,222,222,222,222
213,213,213,213,213,213,213,213,213,213,213,213,213,213,213,213,213,223,223,223,223
214;224,214;224,214;224,214;224,214;224,214;224,214;224,214;224,214;224,214;224,214;224,214;224,214;224,214;224,214;224,214;224,214;224,234,234,234,234
215,215;218,215;218,215,215,215,215,215,215,215,215,215,215,215,215,215,215,235,235,235,235
217,217,217,217,217,217,217,217,217,217,217,217,217,217,217,217,217,236,236,236,236
219,219,219,219,219,219,219,219,219,219,219,219,219,219,219,219,219,238,238,238,238
221,221;223,221;223,221,221,221,221,221,221,221,221,221,221,221,221,221,221,231,231,231,231
222,222,222,222,222,222,222,222,222,222,222,222,222,222,222,222,222,232,232,232,232
231,231,231,231,231,231,231,231,231,231,231,231,231,231,231,231,231,241,241,241,241
232,225;232,225;232,232,232,232,232,232,232,232,232,232,232,232,232,232,232,242,242,242,242
233,233,233,233,233,233,233,233,233,233,233,233,233,233,233,233,233,243,243,243,243
234,226;234,226;234,234,234,234,234,234,234,234,234,234,234,234,234,234,234,244,244,244,244
235,235,235,235,235,235,235,235,235,235,235,235,235,235,235,235,235,245,245,245,245
236,236,236,236,236,236,236,236,236,236,236,236,236,236,236,236,236,246,246,246,246
237,237,237,237,237,237,237,237,237,237,237,237,237,237,237,237,237,247,247,247,247
238,238,238,238,238,238,238,238,238,238,238,238,238,238,238,238,238,248,248,248,248
239,239,239,239,239,239,239,239,239,239,239,239,239,239,239,239,239,249,249,249,249
241,227;241,227;241,241,241,241,241,241,241,241,241,241,241,241,241,241,241,251,251,251,251
242,242,242,242,242,242,242,242,242,242,242,242,242,242,242,242,242,252,252,252,252
243,243,243,243,243,243,243,243,243,243,243,243,243,243,243,243,243,253,253,253,253
244,228;244,228;244,244,244,244,244,244,244,244,244,244,244,244,244,244,244,254,254,254,254
245,245,245,245,245,245,245,245,245,245,245,245,245,245,245,245,245,255,255,255,255
246;256,246;248;256,246;248;256,246;256,246;256,246;256,246;256,246;256,246;256,246;256,246;256,246;256,246;256,246;256,246;256,246;256,246;256,256,256,256,256
247;257,247;257,247;257,247;257,247;257,247;257,247;257,247;257,247;257,247;257,247;257,247;257,247;257,247;257,247;257,247;257,247;257,258,258,258,258
249,249,249,249,249,249,249,249,249,249,249,249,249,249,249,249,249,259,259,259,259
251;757,251;253;757;797,251;253;757;797,251;757,251;757,251;757,251;757,251;757,251;757,251;757,251;757,251;757,251;757,251;757,251;261,251;261,251;261,261,261,261,261
252;758,252;254;758,252;254;758,252;758,252;758,252;758,252;758,252;758,252;758,252;758,252;758,252;758,252;758,252;758,252;262,252;262,252;262,262,262,262,262
264;266;267,264;266;267,264;266;267,264;266;267,264;266;267,264;266;267,264;266;267,264;266;267,264;266;267,264;266;267,264;266;267,264;266;267,264;266;267,264;266;267,264;266;267,264;266;267,264;266;267,266,266,266,266
269,269,269,269,269,269,269,269,269,269,269,269,269,269,269,269,269,269,269,269,269
275,274;275,274;275,275,275,275,275,275,275,275,275,275,275,275,275,275,275,275,275,275,275
276,276;277,276;277,276,276,276,276,276,276,276,276,276,276,276,276,276,276,276,276,276,276
279,279,279,279,279,279,279,279,279,279,279,279,279,279,279,279,279,279,279,279,279
281,281,281,281,281,281,281,281,281,281,281,281,281,281,281,281,281,281,281,281,281
282,282;283,282;283,282,282,282,282,282,282,282,282,282,282,282,282,282,282,282,282,282,282
286,284;286,284;286,286,286,286,286,286,286,286,286,286,286,286,286,286,286,286,286,286,286
289,289,289,289,289,289,289,289,289,289,289,289,289,289,289,289,289,289,289,289,289
291,291,291,291,291,291,291,291,291,291,291,291,291,291,291,291,291,291,291,291,291
292,292,292,292,292,292,292,292,292,292,292,292,292,292,292,292,292,292,292,292,292
296,296,296,296,296,296,296,296,296,296,296,296,296,296,296,296,296,296,296,296,296
299,299,299,299,299,299,299,299,299,299,299,299,299,299,299,299,299,299,299,299,299
301,301,301,301,301,301,301,301,301,301,301,301,301,301,781,781,781,781,781,781,781
303,303,303,303,303,303,303,303,303,303,303,303,303,303,793,793,793,783,783,783,783
305,305,305,305,305,305,305,305,305,305,305,305,305,305,311,311,311,311,311,311,311
307,307,307,307,307,307,307,307,307,307,307,307,307,307,312,312,312,312,312,312,312
309,309,309,309,309,309,309,309,309,309,309,309,309,309,309,309,309,309,309,309,309
311,311,311,311,311,311,311,311,311,311,311,311,311,311,791,791,791,782,782,782,782
312,312,312,312,312,312,312,312,312,312,312,312,312,312,794,794,794,784,784,784,784
313,313,313,313,313,313,313,313,313,313,313,313,313,313,313,313,313,313,313,313,313
314,314,314,314,314,314,314,314,314,314,314,314,314,314,314,314,314,314,314,314,314
315,315,315,315,315,315,315,315,315,315,315,315,315,315,315,315,315,315,315,315,315
316,316,316,316,316,316,316,316,316,316,316,316,316,316,316,316,316,316,316,316,316
317,317,317,317,317,317,317,317,317,317,317,317,317,317,317,317,317,317,317,317,317
318,318,318,318,318,318,318,318,318,318,318,318,318,318,318,318,318,318,318,318,318
319,308;319,308;319,319,319,319,319,319,319,319,319,319,319,319,319,319,319,319,319,319,319
321,321,321,321,321,321,321,321,321,321,321,321,321,321,795,795,795,791,791,791,791
326,326,326,326,326,326,326,326,326,326,326,326,326,326,326,326,326,326,326,326,326
327,325;327,325;327,327,327,327,327,327,327,327,327,327,327,327,327,327,327,327,327,327,327
328,328,328,328,328,328,328,328,328,328,328,328,328,328,328,328,328,328,328,328,328
329,329,329,329,329,329,329,329,329,329,329,329,329,329,329,329,329,329,329,329,329
331,331,331,331,331,331,331,331,331,331,331,331,331,331,331,331,331,331,331,331,331
332,332,332,332,332,332,332,332,332,332,332,332,332,332,332,332,332,332,332,332,332
333,333,333,333,333,333,333,333,333,333,333,333,333,333,333,333,333,333,333,333,333
334,334,334,334,334,334,334,334,334,334,334,334,334,334,334,334,334,334,334,334,334
335,335,335,335,335,335,335,335,335,335,335,335,335,335,335,335,335,335,335,335,335
336,336,336,336,336,336,336,336,336,336,336,336,336,336,336,336,336,336,336,336,336
337,337,337,337,337,337,337,337,337,337,337,337,337,337,337,337,337,337,337,337,337
338,338,338,338,338,338,338,338,338,338,338,338,338,338,338,338,338,338,338,338,338
341,341,341,341,341,341,341,341,341,341,341,341,341,341,797,797,797,796,796,796,796
343,343,343,343,343,343,343,343,343,343,343,343,343,343,796,796,796,792,792,792,792
351,351,351,351,351,351,351,351,351,351,351,351,351,351,351,351,351,351,351,351,351
353,353,353,353,353,353,353,353,353,353,353,353,353,353,353,353,353,353,353,353,353
354,354,354,354,354,354,354,354,354,354,354,354,354,354,354,354,354,354,354,354,354
355,355,355,355,355,355,355,355,355,355,355,355,355,355,355,355,355,355,355,355,355
356,356,356,356,356,356,356,356,356,356,356,356,356,356,356,356,356,356,356,356,356
357,357,357,357,357,357,357,357,357,357,357,357,357,357,357,357,357,357,357,357,357
358,358,358,358,358,358,358,358,358,358,358,358,358,358,358,358,358,358,358,358,358
359,359,359,359,359,359,359,359,359,359,359,359,359,359,359,359,359,359,359,359,359
361,361,361,361,361,361,361,361,361,361,361,361,361,361,361,361,361,361,361,361,361
362,362,362,362,362,362,362,362,362,362,362,362,362,362,362,362,362,362,362,362,362
363,363,363,363,363,363,363,363,363,363,363,363,363,363,363,363,363,363,363,363,363
373,373,373,373,373,373,373,373,373,373,373,373,373,373,373,373,373,373,373,373,373
374,374,374,374,374,374,374,374,374,374,374,374,374,374,374,374,374,374,374,374,374
375,375,375,375,375,375,375,375,375,375,375,375,375,375,375,375,375,375,375,375,375
376,376,376,376,376,376,376,376,376,376,376,376,376,376,376,376,376,376,376,376,376
377,377;379,377;379,377,377,377,377,377,377,377,377,377,377,377,377,377,377,377,377,377,377
378,378,378,378,378,378,378,378,378,378,378,378,378,378,378,378,378,378,378,378,378
391,391,391,391,391,391,391,391,391,391,391,391,391,391,391,391,391,391,391,391,391
392,392,392,392,392,392,392,392,392,392,392,392,392,392,1201,1201,1201,1201,1201,1201,1201
393,393,393,393,393,393,393,393,393,393,393,393,393,393,393,393,393,393,393,393,393
394,394,394,394,394,394,394,394,394,394,394,394,394,394,394,394,394,394,394,394,394
395,395,395,395,395,395,395,395,395,395,395,395,395,395,395,395,395,395,395,395,395
397,397,397,397,397,397,397,397,397,397,397,397,397,397,397,397,397,397,397,397,397
398,396;398,396;398,398,398,398,398,398,398,398,398,398,398,398,398,398,398,398,398,398,398
399,399,399,399,399,399,399,399,399,399,399,399,399,399,399,399,399,399,399,399,399
401,401,401,401,401,401,401,401,401,401,401,401,401,401,401,401,401,401,401,401,401
402,402,402,402,402,402,402,402,402,402,402,402,402,402,402,402,402,402,402,402,402
403,403,403,403,403,403,403,403,403,403,403,403,403,403,403,403,403,403,403,403,403
404;406;407,404;406;407,404;406;407,404;406;407,404;406;407,404;406;407,404;406;407,404;406;407,404;406;407,404;406;407,404;406;407,404;406;407,404;406;407,404;406;407,404;406;407,404;406;407,404;406;407,404;407,404;407,404;407,404;407
405,405,405,405,405,405,405,405,405,405,405,405,405,405,405,405,405,405,405,405,405
408,408,408,408,408,408,408,408,408,408,408,408,408,408,408,408,408,408,408,408,408
409,409;418,409;418,409,409,409,409,409,409,409,409,409,409,409,409,409,409,409,409,409,409
411,411,411,411,411,411,411,411,411,411,411,411,411,411,411,411,411,411,411,411,411
412,412,412,412,412,412,412,412,412,412,412,412,412,412,412,412,412,412,412,412,412
413,413,413,413,413,413,413,413,413,413,413,413,413,413,413,413,413,413,413,413,413
414,414,414,414,414,414,414,414,414,414,414,414,414,414,414,414,414,414,414,414,414
415;416,415;416,415;416,415;416,415;416,415;416,415;416,415;416,415;416,415;416,415;416,415;416,415;416,415;416,415;416,415;416,415;416,406;415,406;415,406;415,406;415
421,421,421,421,421,421,421,421,421,421,421,421,421,421,421,421,421,421,421,421,421
422,422,422,422,422,422,422,422,422,422,422,422,422,422,422,422,422,422,422,422,422
423,423,423,423,423,423,423,423,423,423,423,423,423,423,423,423,423,423,423,423,423
424,417;424,417;424,424,424,424,424,424,424,424,424,424,424,424,424,424,424,416,416,416,416
427,427,427,427,427,427,427,427,427,427,427,427,427,427,427,427,427,417,417,417,417
428,426;428,426;428,428,428,428,428,428,428,428,428,428,428,428,428,428,428,418,418,418,418
429,429,429,429,429,429,429,429,429,429,429,429,429,429,429,429,429,419,419,419,419
437,437,437,437,437,437,437,437,437,437,437,437,437,437,437,437,437,427,427,427,427
438,438,438,438,438,438,438,438,438,438,438,438,438,438,438,438,438,428,428,428,428
439,439,439,439,439,439,439,439,439,439,439,439,439,439,439,439,439,429,429,429,429
441,441,441,441,441,441,441,441,441,441,441,441,441,441,441,441,441,431,431,431,431
442,442,442,442,442,442,442,442,442,442,442,442,442,442,442,442,442,432,432,432,432
443,443,443,443,443,443,443,443,443,443,443,443,443,443,443,443,443,433,433,433,433
445,445,445,445,445,445,445,445,445,445,445,445,445,445,445,445,445,435,435,435,435
448,448,448,448,448,448,448,448,448,448,448,448,448,448,448,448,448,438,438,438,438
449,449,449,449,449,449,449,449,449,449,449,449,449,449,449,449,449,439,439,439,439
451,451,451,451,451,451,451,451,451,451,451,451,451,451,451,451,451,451,451,451,451
452,452,452,452,452,452,452,452,452,452,452,452,452,452,452,452,452,452,452,452,452
453,453,453,453,453,453,453,453,453,453,453,453,453,453,453,453,453,453,453,453,453
455,455,455,455,455,455,455,455,455,455,455,455,455,455,455,455,455,455,455,455,455
457,456;457,456;457,457,457,457,457,457,457,457,457,457,457,457,457,457,457,457,457,457,457
459,459,459,459,459,459,459,459,459,459,459,459,459,459,459,459,459,459,459,459,459
462,454;462,454;462,462,462,462,462,462,462,462,462,462,462,462,462,462,462,462,462,462,462
463,463;464,463;464,463,463,463,463,463,463,463,463,463,463,463,463,463,463,463,463,463,463
466,466,466,466,466,466,466,466,466,466,466,466,466,466,466,466,466,466,466,466,466
467,467,467,467,467,467,467,467,467,467,467,467,467,467,467,467,467,467,467,467,467
468,465;468,465;468,468,468,468,468,468,468,468,468,468,468,468,468,468,468,468,468,468,468
469,469,469,469,469,469,469,469,469,469,469,469,469,469,469,469,469,469,469,469,469
471,461;471,461;471,471,471,471,471,471,471,471,471,471,471,471,471,471,471,471,471,471,471
473,473,473,473,473,473,473,473,473,473,473,473,473,473,473,473,473,473,473,473,473
477,477,477,477,477,477,477,477,477,477,477,477,477,477,477,477,477,477,477,477,477
478,478,478,478,478,478,478,478,478,478,478,478,478,478,478,478,478,478,478,478,478
479,479,479,479,479,479,479,479,479,479,479,479,479,479,479,479,479,479,479,479,479
483,483,483,483,483,483,483,483,483,483,483,483,483,483,483,483,483,483,483,483,483
487,487,487,487,487,487,487,487,487,487,487,487,487,487,487,487,487,487,487,487,487
488,488,488,488,488,488,488,488,488,488,488,488,488,488,488,488,488,488,488,488,488
491,491,491,491,491,491,491,491,491,491,491,491,491,491,491,491,491,491,491,491,491
497,489;497,489;497,497,497,497,497,497,497,497,497,497,497,497,497,497,497,497,497,497,497
499,499,499,499,499,499,499,499,499,499,499,499,499,499,499,499,499,499,499,499,499
501;502,501;502,501;502,501;502,501;502,501;502,501;502,501;502,501;502,501;502,501;502,501;502,501;502,1891;1892,1891;1892,1891;1892,1891;1892,1891,1891,1891,1891
504,504,504,504,504,504,504,504,504,504,504,504,504,501,501,501,501,501;504,501;504,501;504,501;504
505,505,505,505,505,505,505,505,505,505,505,505,505,502,502,502,502,502;503,502;503,502;503,502;503
506,506,506,506,506,506,506,506,506,506,506,506,506,503,503,503,503,505,505,505,505
507,507,507,507,507,507,507,507,507,507,507,507,507,504,504,504,504,507,507,507,507
508;509,508;509,508;509,508;509,508;509,508;509,508;509,508;509,508;509,508;509,508;509,508;509,508;509,505;506,505;506,505;506,505;506,509,509,509,509
511,511;531,511;531,511,511,511,511,511,511,511,511,511,511,511,511,511,511,511,511,511,511
512,512,512,512,512,512,512,512,512,512,512,512,512,512,512,512,512,512,512,512,512
513,503;513,503;513,513,513,513,513,513,513,513,513,513,513,513,513,513,513,513,513,513,513
514,514,514,514,514,514,514,514,514,514,514,514,514,514,514,514,514,514,514,514,514
515,515,515,515,515,515,515,515,515,515,515,515,515,515,515,515,515,515,515,515,515
516,516;532,516;532,516,516,516,516,516,516,516,516,516,516,516,516,516,516,516,516,516,516
517,517;528,517;528,517,517,517,517,517,517,517,517,517,517,517,517,517,517,517,517,517,517
519,518;519,518;519,519,519,519,519,519,519,519,519,519,519,519,519,519,519,519,519,519,519
521,521,521,521,521,521,521,521,521,521,521,521,521,521,521,521,521,521;522,521;522,521;522,521;522
523,523,523,523,523,523,523,523,523,523,523,523,523,523,523,523,523,523,523,523,523
524,524,524,524,524,524,524,524,524,524,524,524,524,524,524,524,524,524,524,524,524
525,522;525;526,522;525;526,525,525,525,525,525,525,525,525,525,525,525,525,525,525,525,525,525,525
527,527,527,527,527,527,527,527,527,527,527,527,527,527,527,527,527,527,527,527,527
529,529,529,529,529,529,529,529,529,529,529,529,529,529,529,529,529,529,529,529,529
541,541,541,541,541,541,541,541,541,541,541,541,541,541,541,541,541,541,541,541,541
551,551,551,551,551,551,551,551,551,551,551,551,551,551,551,551,551,543,543,543,543
555,555,555,555,555,555,555,555,555,555,555,555,555,555,555,555,555,545,545,545,545
557,557,557,557,557,557,557,557,557,557,557,557,557,557,557,557,557,547,547,547,547
558,558;564,558;564,558,558,558,558,558,558,558,558,558,558,558,558,558,558,549,549,549,549
559,559,559,559,559,559,559,559,559,559,559,559,559,559,559,559,559,591,591,591,591
561,561,561,561,561,561,561,561,561,561,561,561,561,561,561,561,561,561,561,561,561
562,562,562,562,562,562,562,562,562,562,562,562,562,562,562,562,562,562,562,562,562
563,563,563,563,563,563,563,563,563,563,563,563,563,563,563,563,563,563,563,563,563
565,565,565,565,565,565,565,565,565,565,565,565,565,565,565,565,565,565,565,565,565
567,566;567,566;567,567,567,567,567,567,567,567,567,567,567,567,567,567,567,567,567,567,567
569,569,569,569,569,569,569,569,569,569,569,569,569,569,569,569,569,569,569,569,569
581,581,581,581,581,581,581,581,581,581,581,581,581,581,581,581,581,581,581,581,581
583,583,583,583,583,583,583,583,583,583,583,583,583,583,583,583,583,583,583,583,583
584,584,584,584,584,584,584,584,584,584,584,584,584,584,584,584,584,584,584,584,584
585,585,585,585,585,585,585,585,585,585,585,585,585,585,585,585,585,585,585,585,585
587,587,587,587,587,587,587,587,587,587,587,587,587,587,587,587,587,587,587,587,587
589,589,589,589,589,589,589,589,589,589,589,589,589,589,589,589,589,589,589,589,589
599,599,599,599,599,599,599,599,599,599,599,599,599,599,599,599,599,599,599,599,599
604,604,604,604,604,604,604,604,604,604,604,604,604,604,604,604,604,604,604,604,604
609,609,609,609,609,609,609,609,609,609,609,609,609,609,609,609,609,609,609,609,609
615,615,615,615,615,615,615,615,615,615,615,615,615,615,615,615,615,615,615,615,615
621,621,621,621,621,621,621,621,621,621,621,621,621,621,621,621,621,621,621,621,621
622,622,622,622,622,622,622,622,622,622,622,622,622,622,622,622,622,622,622,622,622
625,625,625,625,625,625,625,625,625,625,625,625,625,625,625,625,625,625,625,625,625
626,626,626,626,626,626,626,626,626,626,626,626,626,626,626,626,626,626,626,626,626
627,627,627,627,627,627,627,627,627,627,627,627,627,627,627,627,627,627,627,627,627
628,628,628,628,628,628,628,628,628,628,628,628,628,628,628,628,628,628,628,628,628
629;1153,629;1153,629;1153,629;1153,629;1153,629;1153,629;1153,629;1153,629;1153,629;1153,629;1153,629;1153,629;1153,629;1153,629,629,629,629,629,629,629
631,631,631,631,631,631,631,631,631,631,631,631,631,631,631,631,631,631,631,631,631
632,632,632,632,632,632,632,632,632,632,632,632,632,632,632,632,632,632,632,632,632
635;636,635;636,635;636,635;636,635;636,635;636,635;636,635;636,635;636,635;636,635;636,635;636,635;636,635;636,635;636,635;636,635;636,636,636,636,636
637,637,637,637,637,637,637,637,637,637,637,637,637,637,637,637,637,637,637,637,637
638,638,638,638,638,638,638,638,638,638,638,638,638,638,638,638,638,638,638,638,638
639,639,639,639,639,639,639,639,639,639,639,639,639,639,639,639,639,639,639,639,639
642,642,642,642,642,642,642,642,642,642,642,642,642,642,642,642,642,642,642,642,642
643;644,643;644,643;644,643;644,643;644,643;644,643;644,643;644,643;644,643;644,643;644,643;644,643;644,643;644,643;644,643;644,643;644,643,643,643,643
645,645,645,645,645,645,645,645,645,645,645,645,645,645,645,645,645,645,645,645,645
646,646,646,646,646,646,646,646,646,646,646,646,646,646,646,646,646,646,646,646,646
647,647,647,647,647,647,647,647,647,647,647,647,647,647,647,647,647,647,647,647,647
649,648;649,648;649,649,649,649,649,649,649,649,649,649,649,649,649,649,649,649,649,649,649
665,665,665,665,665,665,665,665,665,665,665,665,665,665,665,665,665,665,665,665,665
666,666,666,666,666,666,666,666,666,666,666,666,666,666,666,666,666,666,666,666,666
667;668,667;668,667;668,667;668,667;668,667;668,667;668,667;668,667;668,667;668,667;668,667;668,667;668,667;668,667;668,667;668,667;668,667,667,667,667
669,659;669,659;669,669,669,669,669,669,669,669,669,669,669,669,669,669,669,669,669,669,669
671,671,671,671,671,671,671,671,671,671,671,671,671,671,671,671,671,671,671,671,671
672,672,672,672,672,672,672,672,672,672,672,672,672,672,672,672,672,672,672,672,672
674,674,674,674,674,674,674,674,674,674,674,674,674,674,674,674,674,674,674,674,674
676,656;676,656;676,676,676,676,676,676,676,676,676,676,676,676,676,676,676,676,676,676,676
677,657;677,657;677,677,677,677,677,677,677,677,677,677,677,677,677,677,677,677,677,677,677
678,678,678,678,678,678,678,678,678,678,678,678,678,678,678,678,678,678,678,678,678
679,679,679,679,679,679,679,679,679,679,679,679,679,679,679,679,679,679,679,679,679
691,691,691,691,691,691,691,691,691,691,691,691,691,691,691,691,691,691,691,691,691
692,692,692,692,692,692,692,692,692,692,692,692,692,692,692,692,692,692,692,692,692
693,693,693,693,693,693,693,693,693,693,693,693,693,693,693,693,693,693,693,693,693
694,694,694,694,694,694,694,694,694,694,694,694,694,694,694,694,694,694,694,694,694
697,696;697,696;697,697,697,697,697,697,697,697,697,697,697,697,697,697,697,697,697,697,697
699,698;699,698;699,699,699,699,699,699,699,699,699,699,699,699,699,699,699,699,699,699,699
701,701,701,701,701,701,701,701,701,701,701,701,701,701,701,701,701,701,701,701,701
702,702,702,702,702,702,702,702,702,702,702,702,702,702,702,702,702,703,703,703,703
703,703,703,703,703,703,703,703,703,703,703,703,703,703,703,703,703,713,713,713,713
704,704,704,704,704,704,704,704,704,704,704,704,704,704,704,704,704,704,704,704,704
705,705,705,705,705,705,705,705,705,705,705,705,705,705,705,705,705,705,705,705,705
706,706,706,706,706,706,706,706,706,706,706,706,706,706,675,675,675,675,675,675,675
707,707,707,707,707,707,707,707,707,707,707,707,707,707,696,696,696,696,696,696,696
708,708,708,708,708,708,708,708,708,708,708,708,708,708,708,708,708,708,708,708,708
709,709;798,709;798,709,709,709,709,709,709,709,709,709,709,709,709,709,709,709,709,709,709
711,711,711,711,711,711,711,711,711,711,711,711,711,711,711,711,711,702,702,702,702
714,714,714,714,714,714,714,714,714,714,714,714,714,714,714,714,714,714,714,714,714
715,715,715,715,715,715,715,715,715,715,715,715,715,715,715,715,715,715,715,715,715
716,716,716,716,716,716,716,716,716,716,716,716,716,716,695,695,695,695,695,695,695
717,717,717,717,717,717,717,717,717,717,717,717,717,717,706,706,706,706,706,706,706
718,718,718,718,718,718,718,718,718,718,718,718,718,718,707,707,707,707,707,707,707
719;729,719;729,719;729,719;729,719;729,719;729,719;729,719;729,719;729,719;729,719;729,719;729,719;729,719;729,719;729,719;729,719;729,729,729,729,729
721,721,721,721,721,721,721,721,721,721,721,721,721,721,721,721,721,721,721,721,721
722,722,722,722,722,722,722,722,722,722,722,722,722,722,722,722,722,723,723,723,723
723,723,723,723,723,723,723,723,723,723,723,723,723,723,723,723,723,724,724,724,724
724,724,724,724,724,724,724,724,724,724,724,724,724,724,724,724,724,725,725,725,725
725,725,725,725,725,725,725,725,725,725,725,725,725,725,725,725,725,726,726,726,726
726,726,726,726,726,726,726,726,726,726,726,726,726,726,726,726,726,727,727,727,727
727;728,727;728,727;728,727;728,727;728,727;728,727;728,727;728,727;728,727;728,727;728,727;728,727;728,727;728,727;728,727;728,727;728,728,728,728,728
731,731,731,731,731,731,731,731,731,731,731,731,731,731,731,731,731,731,731,731,731
732,732,732,732,732,732,732,732,732,732,732,732,732,732,732,732,732,732,732,732,732
733,733,733,733,733,733,733,733,733,733,733,733,733,733,733,733,733,733,733,733,733
734,734,734,734,734,734,734,734,734,734,734,734,734,734,734,734,734,734,734,734,734
735,735,735,735,735,735,735,735,735,735,735,735,735,735,735,735,735,735,735,735,735
736,736,736,736,736,736,736,736,736,736,736,736,736,736,736,736,736,736,736,736,736
737,737;795,737;795,737,737,737,737,737,737,737,737,737,737,737,737,737,737,737,737,737,737
738,738,738,738,738,738,738,738,738,738,738,738,738,738,738,738,738,738,738,738,738
739,739;796,739;796,739,739,739,739,739,739,739,739,739,739,739,739,739,739,739,739,739,739
741,741,741,741,741,741,741,741,741,741,741,741,741,741,741,741,741,741,741,741,741
742,742,742,742,742,742,742,742,742,742,742,742,742,742,742,742,742,742,742,742,742
743,743,743,743,743,743,743,743,743,743,743,743,743,743,743,743,743,743,743,743,743
745,745,745,745,745,745,745,745,745,745,745,745,745,745,745,745,745,744,744,744,744
746,746,746,746,746,746,746,746,746,746,746,746,746,746,746,746,746,746,746,746,746
747,747,747,747,747,747,747,747,747,747,747,747,747,747,747,747,747,747,747,747,747
748;754,748;754,748;754,748;754,748;754,748;754,748;754,748;754,748;754,748;754,748;754,748;754,748;754,748;754,748;758,748;758,748;758,748,748,748,748
749;755,749;755,749;755,749;755,749;755,749;755,749;755,749;755,749;755,749;755,749;755,749;755,749;755,749;755,749;759,749;759,749;759,749,749,749,749
756,756;799,756;799,756,756,756,756,756,756,756,756,756,756,756,271,271,271,271,271,271,271
759;769,759;769,759;769,759;769,759;769,759;769,759;769,759;769,759;769,759;769,759;769,759;769,759;769,759;769,272;273,272;273,272;273,272,272,272,272
761,761,761,761,761,761,761,761,761,761,761,761,761,761,761,761,761,751,751,751,751
762,762,762,762,762,762,762,762,762,762,762,762,762,762,762,762,762,752,752,752,752
763,763,763,763,763,763,763,763,763,763,763,763,763,763,763,763,763,753,753,753,753
764,764,764,764,764,764,764,764,764,764,764,764,764,764,764,764,764,754,754,754,754
765,765,765,765,765,765,765,765,765,765,765,765,765,765,765,765,765,755,755,755,755
766,766;793,766;793,766,766,766,766,766,766,766,766,766,766,766,766,766,766,756,756,756,756
767;777,767;777,767;777,767;777,767;777,767;777,767;777,767;777,767;777,767;777,767;777,767;777,767;777,767;777,767;777,767;777,767;777,757,757,757,757
768;778,768;778,768;778,768;778,768;778,768;778,768;778,768;778,768;778,768;778,768;778,768;778,768;778,768;778,768;778,768;778,768;778,758,758,758,758
771,771,771,771,771,771,771,771,771,771,771,771,771,771,771,771,771,761,761,761,761
772,772,772,772,772,772,772,772,772,772,772,772,772,772,772,772,772,762,762,762,762
773,773,773,773,773,773,773,773,773,773,773,773,773,773,773,773,773,763,763,763,763
774,774;792,774;792,774,774,774,774,774,774,774,774,774,774,774,774,774,774,764,764,764,764
775,775,775,775,775,775,775,775,775,775,775,775,775,775,775,775,775,765,765,765,765
776,776;794,776;794,776,776,776,776,776,776,776,776,776,776,776,776,776,776,766,766,766,766
779,779,779,779,779,779,779,779,779,779,779,779,779,779,779,779,779,759,759,759,759
782,782,782,782,782,782,782,782,782,782,782,782,782,782,782,782,782,772,772,772,772
783,783,783,783,783,783,783,783,783,783,783,783,783,783,783,783,783,773,773,773,773
784,784,784,784,784,784,784,784,784,784,784,784,784,784,784,784,784,774,774,774,774
785,785,785,785,785,785,785,785,785,785,785,785,785,785,785,785,785,775,775,775,775
786,786,786,786,786,786,786,786,786,786,786,786,786,786,786,786,786,776,776,776,776
787,787,787,787,787,787,787,787,787,787,787,787,787,787,787,787,787,777,777,777,777
788,788,788,788,788,788,788,788,788,788,788,788,788,788,788,788,788,778,778,778,778
789,789,789,789,789,789,789,789,789,789,789,789,789,789,789,789,789,779,779,779,779
801;811,801;811,801;811,801;811,801;811,801;811,801;811,801;811,801;811,801;811,801;811,801;811,801;811,801;811,801;811,801;811,801;811,801,801,801,801
802,802,802,802,802,802,802,802,802,802,802,802,802,802,802,802,802,802,802,802,802
803,803,803,803,803,803,803,803,803,803,803,803,803,803,803,803,803,803,803,803,803
804,804,804,804,804,804,804,804,804,804,804,804,804,804,804,804,804,804,804,804,804
805,805;843,805;843,805,805,805,805,805,805,805,805,805,805,805,805,805,805,805,805,805,805
806,806,806,806,806,806,806,806,806,806,806,806,806,806,806,806,806,806,806,806,806
807,807,807,807,807,807,807,807,807,807,807,807,807,807,807,807,807,807,807,807,807
808,808,808,808,808,808,808,808,808,808,808,808,808,808,808,808,808,808,808,808,808
809,809,809,809,809,809,809,809,809,809,809,809,809,809,809,809,809,809,809,809,809
812,812,812,812,812,812,812,812,812,812,812,812,812,812,812,812,812,813,813,813,813
813,813,813,813,813,813,813,813,813,813,813,813,813,813,813,813,813,814,814,814,814
814,814,814,814,814,814,814,814,814,814,814,814,814,814,814,814,814,815,815,815,815
815,815,815,815,815,815,815,815,815,815,815,815,815,815,815,815,815,816,816,816,816
816,816;837;838,816;837;838,816,816,816,816,816,816,816,816,816,816,816,816,816,816,825,825,825,825
817,817,817,817,817,817,817,817,817,817,817,817,817,817,817,817,817,828,828,828,828
818,818,818,818,818,818,818,818,818,818,818,818,818,818,818,818,818,826,826,826,826
819,819,819,819,819,819,819,819,819,819,819,819,819,819,819,819,819,829,829,829,829
821,821;861;871;872,821;861;871;872,821,821,821,821,821,821,821,821,821,821,821,821,821,821,831,831,831,831
822,822,822,822,822,822,822,822,822,822,822,822,822,822,822,822,822,832,832,832,832
823,823,823,823,823,823,823,823,823,823,823,823,823,823,823,823,823,833,833,833,833
824,824,824,824,824,824,824,824,824,824,824,824,824,824,824,824,824,834,834,834,834
825,825,825,825,825,825,825,825,825,825,825,825,825,825,825,825,825,835,835,835,835
826,826,826,826,826,826,826,826,826,826,826,826,826,826,826,826,826,836,836,836,836
827,827,827,827,827,827,827,827,827,827,827,827,827,827,827,827,827,837,837,837,837
828,828,828,828,828,828,828,828,828,828,828,828,828,828,828,828,828,827,827,827,827
829,829,829,829,829,829,829,829,829,829,829,829,829,829,829,829,829,845,845,845,845
831,831,831,831,831,831,831,831,831,831,831,831,831,831,831,831,831,841,841,841,841
832,832,832,832,832,832,832,832,832,832,832,832,832,832,832,832,832,842,842,842,842
833,833;855,833;855,833,833,833,833,833,833,833,833,833,833,833,833,833,833,843,843,843,843
834,834,834,834,834,834,834,834,834,834,834,834,834,834,834,834,834,844,844,844,844
835,835,835,835,835,835,835,835,835,835,835,835,835,835,835,835,835,846,846,846,846
836,836,836,836,836,836,836,836,836,836,836,836,836,836,836,836,836,847,847,847,847
839,839,839,839,839,839,839,839,839,839,839,839,839,839,839,839,839,839,839,839,839
841,841,841,841,841,841,841,841,841,841,841,841,841,841,841,841,841,851,851,851,851
842,842,842,842,842,842,842,842,842,842,842,842,842,842,842,842,842,852,852,852,852
847,847,847,847,847,847,847,847,847,847,847,847,847,847,847,847,847,848,848,848,848
848,848,848,848,848,848,848,848,848,848,848,848,848,848,848,848,848,849,849,849,849
849,849,849,849,849,849,849,849,849,849,849,849,849,849,849,849,849,859,859,859,859
851,851,851,851,851,851,851,851,851,851,851,851,851,851,851,851,851,853,853,853,853
852,852,852,852,852,852,852,852,852,852,852,852,852,852,852,852,852,854,854,854,854
853,853,853,853,853,853,853,853,853,853,853,853,853,853,853,853,853,855,855,855,855
854,854,854,854,854,854,854,854,854,854,854,854,854,854,854,854,854,856,856,856,856
857,857,857,857,857,857,857,857,857,857,857,857,857,857,857,857,857,857,857,857,857
858,858,858,858,858,858,858,858,858,858,858,858,858,858,858,858,858,858,858,858,858
859,859,859,859,859,859,859,859,859,859,859,859,859,859,859,859,859,868,868,868,868
881,881,881,881,881,881,881,881,881,881,881,881,881,881,881,881,881,861,861,861,861
882,882,882,882,882,882,882,882,882,882,882,882,882,882,882,882,882,862,862,862,862
883,883,883,883,883,883,883,883,883,883,883,883,883,883,883,883,883,863,863,863,863
884,884,884,884,884,884,884,884,884,884,884,884,884,884,884,884,884,864,864,864,864
885,885,885,885,885,885,885,885,885,885,885,885,885,885,885,885,885,865,865,865,865
886,886,886,886,886,886,886,886,886,886,886,886,886,886,886,886,886,866,866,866,866
887,887,887,887,887,887,887,887,887,887,887,887,887,887,887,887,887,867,867,867,867
889,889,889,889,889,889,889,889,889,889,889,889,889,889,889,889,889,869,869,869,869
891,891,891,891,891,891,891,891,891,891,891,891,891,891,891,891,891,871,871,871,871
892,892,892,892,892,892,892,892,892,892,892,892,892,892,892,892,892,872,872,872,872
893,893,893,893,893,893,893,893,893,893,893,893,893,893,893,893,893,873,873,873,873
895;896,895;896,895;896,895;896,895;896,895;896,895;896,895;896,895;896,895;896,895;896,895;896,895;896,895;896,895;896,895;896,895;896,896,896,896,896
897,897,897,897,897,897,897,897,897,897,897,897,897,897,897,897,897,897,897,897,897
898,898,898,898,898,898,898,898,898,898,898,898,898,898,898,898,898,898,898,898,898
899,899,899,899,899,899,899,899,899,899,899,899,899,899,899,899,899,899,899,899,899
901,901,901,901,1789,1789,1789,1789,1789,1789,1789,1789,1789,1789,1018,1018,1018,1018,1018,1018,1018
902,902,902,902,1797,1797,1797,1797,1797,1797,1797,1797,1797,1797,1797,1797,1797,1786,1786,1786,1786
911,911,911,911,911,911,911,911,911,911,911,911,911,911,1019,1019,1019,1019,1019,1019,1019
921,921,921,921,921,921,921,921,921,921,921,921,921,921,1029,1029,1029,1029,1029,1029,1029
922,922,922,922,922,922,922,922,922,922,922,922,922,922,921,921,921,921,921,921,921
923,923,923,923,923,923,923,923,923,923,923,923,923,923,923,923,923,923,923,923,923
924,924,924,924,924,924,924,924,924,924,924,924,924,924,924,924,924,924,924,924,924
925,916;925,916;925,925,925,925,925,925,925,925,925,925,925,925,925,925,925,925,925,925,925
926,926,926,926,926,926,926,926,926,926,926,926,926,926,926,926,926,926,926,926,926
927,927,927,927,927,927,927,927,927,927,927,927,927,927,927,927,927,927,927,927,927
931,931,931,931,931,931,931,931,931,931,931,931,931,931,1039,1039,1039,1039,1039,1039,1039
932,932,932,932,932,932,932,932,932,932,932,932,932,932,932,932,932,932,932,932,932
934,934,934,934,934,934,934,934,934,934,934,934,934,934,934,934,934,934,934,934,934
935,935,935,935,935,935,935,935,935,935,935,935,935,935,935,935,935,935,935,935,935
936,917;936,917;936,936,936,936,936,936,936,936,936,936,936,936,936,936,936,936,936,936,936
937,937,937,937,937,937,937,937,937,937,937,937,937,937,937,937,937,937,937,937,937
938,938,938,938,938,938,938,938,938,938,938,938,938,938,938,938,938,938,938,938,938
941,941,941,941,941,941,941,941,941,941,941,941,941,941,941,941,941,941,941,941,941
942,942,942,942,942,942,942,942,942,942,942,942,942,942,942,942,942,942,942,942,942
944,944,944,944,944,944,944,944,944,944,944,944,944,944,944,944,944,944,944,944,944
945,945,945,945,945,945,945,945,945,945,945,945,945,945,945,945,945,945,945,945,945
946,928;946,928;946,946,946,946,946,946,946,946,946,946,946,946,946,946,946,946,946,946,946
948,929;948,929;948,948,948,948,948,948,948,948,948,948,948,948,948,948,948,948,948,948,948
951,951,951,951,951,951,951,951,951,951,951,951,951,951,1049,1049,1049,1049,1049,1049,1049
952,952,952,952,952,952,952,952,952,952,952,952,952,952,952,952,952,952,952,952,952
955,955,955,955,955,955,955,955,955,955,955,955,955,955,955,955,955,955,955,955,955
956,956,956,956,956,956,956,956,956,956,956,956,956,956,956,956,956,956,956,956,956
957,953;954;957,953;954;957,957,957,957,957,957,957,957,957,957,957,957,957,957,957,957,957,957,957
958,958;959,958;959,958,958,958,958,958,958,958,958,958,958,958,958,958,958,958,958,958,958
961,961,961,961,961,961,961,961,961,961,961,961,961,961,961,961,961,961,961,961,961
962,962,962,962,962,962,962,962,962,962,962,962,962,962,962,962,962,962,962,962,962
963,963,963,963,963,963,963,963,963,963,963,963,963,963,963,963,963,963,963,963,963
964,964,964,964,964,964,964,964,964,964,964,964,964,964,964,964,964,964,964,964,964
965,965,965,965,965,965,965,965,965,965,965,965,965,965,965,965,965,965,965,965,965
966,966,966,966,966,966,966,966,966,966,966,966,966,966,966,966,966,966,966,966,966
968,968,968,968,968,968,968,968,968,968,968,968,968,968,968,968,968,968,968,968,968
969,969,969,969,969,969,969,969,969,969,969,969,969,969,969,969,969,969,969,969,969
972,972,972,972,972,972,972,972,972,972,972,972,972,972,972,972,972,972,972,972,972
973,971;973,971;973,973,973,973,973,973,973,973,973,973,973,973,973,973,973,973,973,973,973
974,974,974,974,974,974,974,974,974,974,974,974,974,974,974,974,974,974,974,974,974
975,967;975,967;975,975,975,975,975,975,975,975,975,975,975,975,975,975,975,975,975,975,975
976,976,976,976,976,976,976,976,976,976,976,976,976,976,976,976,976,976,976,976,976
977,977,977,977,977,977,977,977,977,977,977,977,977,977,979,979,979,979,979,979,979
978,978,978,978,978,978,978,978,978,978,978,978,978,978,1561,1561,1561,1561,1561,1561,1561
979,979,979,979,979,979,979,979,979,979,979,979,979,979,1541,1541,1541,1541,1541,1541,1541
983,983,983,983,983,983,983,983,983,983,983,983,983,983,983,983,983,983,983,983,983
984,984,984,984,984,984,984,984,984,984,984,984,984,984,984,984,984,984,984,984,984
986,986,986,986,986,986,986,986,986,986,986,986,986,986,986,986,986,986,986,986,986
988,988,988,988,988,988,988,988,988,988,988,988,988,988,988,988,988,988,988,988,988
989,989,989,989,989,989,989,989,989,989,989,989,989,989,989,989,989,989,989,989,989
995,995,995,995,995,995,995,995,995,995,995,995,995,995,995,995,995,995,995,995,995
998,998,998,998,998,998,998,998,998,998,998,998,998,998,999,999,999,999,999,999,999
999,999,999,999,999,999,999,999,999,999,999,999,999,999,1591,1591,1591,1591,1591,1591,1591
1003,NA,NA,1003,1003,1003,1003,1003,1003,1003,1003,1003,1003,1003,1003,1003,1003,1003,1003,1003,1003
1004,1002;1003;1004,1002;1003;1004,1004,1004,1004,1004,1004,1004,1004,1004,1004,1004,1004,1004,1004,1004,1004,1004,1004,1004
1005,1005,1005,1005,1005,1005,1005,1005,1005,1005,1005,1005,1005,1005,1005,1005,1005,1005,1005,1005,1005
1006,1006;1023,1006;1023,1006,1006,1006,1006,1006,1006,1006,1006,1006,1006,1006,1006,1006,1006,1013,1013,1013,1013
1007,1007,1007,1007,1007,1007,1007,1007,1007,1007,1007,1007,1007,1007,1007,1007,1007,1014,1014,1014,1014
1008,1008,1008,1008,1008,1008,1008,1008,1008,1008,1008,1008,1008,1008,1008,1008,1008,1015,1015,1015,1015
1011,1011,1011,1011,1011,1011,1011,1011,1011,1011,1011,1011,1011,1011,1001,1001,1001,1001,1001,1001,1001
1012,1012,1012,1012,1012,1012,1012,1012,1012,1012,1012,1012,1012,1012,1002,1002,1002,1002,1002,1002,1002
1013;1022,1013;1022,1013;1022,1013;1022,1013;1022,1013;1022,1013;1022,1013;1022,1013;1022,1013;1022,1013;1022,1013;1022,1013;1022,1013;1022,1013;1012,1013;1012,1013;1012,1021,1021,1021,1021
1014,1014,1014,1014,1014,1014,1014,1014,1014,1014,1014,1014,1014,1014,1014,1014,1014,1022,1022,1022,1022
1015,1015,1015,1015,1015,1015,1015,1015,1015,1015,1015,1015,1015,1015,1015,1015,1015,1023,1023,1023,1023
1016,1016,1016,1016,1016,1016,1016,1016,1016,1016,1016,1016,1016,1016,1016,1016,1016,1016,1016,1016,1016
1017,1017,1017,1017,1017,1017,1017,1017,1017,1017,1017,1017,1017,1017,1017,1017,1017,1017,1017,1017,1017
1021,1021,1021,1021,1021,1021,1021,1021,1021,1021,1021,1021,1021,1021,1011,1011,1011,1041,1041,1041,1041
1024,1024,1024,1024,1024,1024,1024,1024,1024,1024,1024,1024,1024,1024,1024,1024,1024,1024,1024,1024,1024
1025,1025;1029,1025;1029,1025,1025,1025,1025,1025,1025,1025,1025,1025,1025,1025,1025,1025,1025,1025,1025,1025,1025
1026,1026,1026,1026,1026,1026,1026,1026,1026,1026,1026,1026,1026,1026,1026,1026,1026,1026,1026,1026,1026
1027,1009;1027,1009;1027,1027,1027,1027,1027,1027,1027,1027,1027,1027,1027,1027,1027,1027,1027,1027,1027,1027,1027
1028,1028,1028,1028,1028,1028,1028,1028,1028,1028,1028,1028,1028,1028,1028,1028,1028,1028,1028,1028,1028
1032,1032,1032,1032,1032,1032,1032,1032,1032,1032,1032,1032,1032,1032,1032,1032,1032,1032,1032,1032,1032
1033,1033,1033,1033,1033,1033,1033,1033,1033,1033,1033,1033,1033,1033,1033,1033,1033,1033,1033,1033,1033
1034,1034,1034,1034,1034,1034,1034,1034,1034,1034,1034,1034,1034,1034,1034,1034,1034,1034,1034,1034,1034
1035,1035,1035,1035,1035,1035,1035,1035,1035,1035,1035,1035,1035,1035,1035,1035,1035,1035,1035,1035,1035
1036,1036,1036,1036,1036,1036,1036,1036,1036,1036,1036,1036,1036,1036,1036,1036,1036,1036,1036,1036,1036
1037,1037,1037,1037,1037,1037,1037,1037,1037,1037,1037,1037,1037,1037,1037,1037,1037,1037,1037,1037,1037
1038,1038,1038,1038,1038,1038,1038,1038,1038,1038,1038,1038,1038,1038,1038,1038,1038,1038,1038,1038,1038
1042,1042,1042,1042,1042,1042,1042,1042,1042,1042,1042,1042,1042,1042,1042,1042,1042,1031,1031,1031,1031
1043,1043,1043,1043,1043,1043,1043,1043,1043,1043,1043,1043,1043,1043,1043,1043,1043,1043,1043,1043,1043
1044,1044,1044,1044,1044,1044,1044,1044,1044,1044,1044,1044,1044,1044,1044,1044,1044,1044,1044,1044,1044
1045,1045,1045,1045,1045,1045,1045,1045,1045,1045,1045,1045,1045,1045,1045,1045,1045,1045,1045,1045,1045
1046,1046,1046,1046,1046,1046,1046,1046,1046,1046,1046,1046,1046,1046,1046,1046,1046,1046,1046,1046,1046
1047,1047,1047,1047,1047,1047,1047,1047,1047,1047,1047,1047,1047,1047,1047,1047,1047,1047,1047,1047,1047
1048;1066;1067,1048;1066;1067,1048;1066;1067,1048;1066;1067,1048;1066;1067,1048;1066;1067,1048;1066;1067,1048;1066;1067,1048;1066;1067,1048;1066;1067,1048;1066;1067,1048;1066;1067,1048;1066;1067,1048;1066;1067,1066;1065;1067,1066;1065;1067,1066;1065;1067,1067,1067,1067,1067
1049,1049,1049,1049,1049,1049,1049,1049,1049,1049,1049,1049,1049,1049,1048,1048,1048,1048,1048,1048,1048
1051,1051,1051,1051,1051,1051,1051,1051,1051,1051,1051,1051,1051,1051,1051,1051,1051,1051,1051,1051,1051
1052,1052,1052,1052,1052,1052,1052,1052,1052,1052,1052,1052,1052,1052,1052,1052,1052,1052,1052,1052,1052
1053,1053,1053,1053,1053,1053,1053,1053,1053,1053,1053,1053,1053,1053,1053,1053,1053,1053,1053,1053,1053
1054,1054,1054,1054,1054,1054,1054,1054,1054,1054,1054,1054,1054,1054,1054,1054,1054,1054,1054,1054,1054
1055;1056,1055;1056,1055;1056,1055;1056,1055;1056,1055;1056,1055;1056,1055;1056,1055;1056,1055;1056,1055;1056,1055;1056,1055;1056,1055;1056,1055;1056,1055;1056,1055;1056,1055,1055,1055,1055
1057,1057,1057,1057,1057,1057,1057,1057,1057,1057,1057,1057,1057,1057,1062,1062,1062,1056,1056,1056,1056
1058,1058,1058,1058,1058,1058,1058,1058,1058,1058,1058,1058,1058,1058,1063,1063,1063,1065,1065,1065,1065
1059,1059,1059,1059,1059,1059,1059,1059,1059,1059,1059,1059,971,971,1069,1069,1069,1069,1069,1069,1069
1061,1061,1061,1061,1061,1061,1061,1061,1061,1061,1061,1061,1061,1061,1071,1071,1071,1071,1071,1071,1071
1062,1062,1062,1062,1062,1062,1062,1062,1062,1062,1062,1062,1062,1062,1072,1072,1072,1072,1072,1072,1072
1063,1063,1063,1063,1063,1063,1063,1063,1063,1063,1063,1063,1063,1063,1074,1074,1074,1074,1074,1074,1074
1064,1064,1064,1064,1064,1064,1064,1064,1064,1064,1064,1064,1064,1064,1075,1075,1075,1075,1075,1075,1075
1065,1065,1065,1065,1065,1065,1065,1065,1065,1065,1065,1065,1065,1065,1064,1064,1064,1066,1066,1066,1066
1068,1068,1068,1068,1068,1068,1068,1068,1068,1068,1068,1068,1068,1068,1068,1068,1068,1068,1068,1068,1068
1069,1069,1069,1069,1069,1069,1069,1069,1069,1069,1069,1069,1069,1069,1078,1078,1078,1078,1078,1078,1078
1071,1071,1071,1071,1071,1071,1071,1071,1071,1071,1071,1071,1071,1071,1081,1081,1081,1081,1081,1081,1081
1072,1072,1072,1072,1072,1072,1072,1072,1072,1072,1072,1072,1072,1072,1073,1073,1073,1082,1082,1082,1082
1073,1073,1073,1073,1073,1073,1073,1073,1073,1073,1073,1073,1073,1073,1082,1082,1082,1092,1092,1092,1092
1075,1075,1075,1075,1075,1075,1075,1075,1075,1075,1075,1075,1075,1075,1083,1083,1083,1083,1083,1083,1083
1076;1086,1076;1086,1076;1086,1076;1086,1076;1086,1076;1086,1076;1086,1076;1086,1076;1086,1076;1086,1076;1086,1076;1086,1076;1086,1076;1086,1076;1087,1076;1087,1076;1087,1076;1087,1076;1087,1076;1087,1076;1087
1077,1077,1077,1077,1077,1077,1077,1077,1077,1077,1077,1077,1077,1077,1077,1077,1077,1077,1077,1077,1077
1078,1078,1078,1078,1078,1078,1078,1078,1078,1078,1078,1078,1078,1078,1079,1079,1079,1079,1079,1079,1079
1079,1079,1079,1079,1079,1079,1079,1079,1079,1079,1079,1079,1079,1079,971,971,971,971,971,971,971
1081,1081,1081,1081,1081,1081,1081,1081,1081,1081,1081,1081,1081,1081,1091,1091,1091,1091,1091,1091,1091
1082,1082,1082,1082,1082,1082,1082,1082,1082,1082,1082,1082,1082,1082,1092,1092,1092,1093,1093,1093,1093
1083,1083,1083,1083,1083,1083,1083,1083,1083,1083,1083,1083,1083,1083,1084,1084,1084,1084,1084,1084,1084
1084,1084,1084,1084,1084,1084,1084,1084,1084,1084,1084,1084,1084,1084,1085,1085,1085,1085,1085,1085,1085
1085,1085,1085,1085,1085,1085,1085,1085,1085,1085,1085,1085,1085,1085,1086,1086,1086,1086,1086,1086,1086
1087,1087,1087,1087,1087,1087,1087,1087,1087,1087,1087,1087,1087,1087,1088,1088,1088,1088,1088,1088,1088
1088,1088,1088,1088,1088,1088,1088,1088,1088,1088,1088,1088,1088,1088,1089,1089,1089,1089,1089,1089,1089
1089,1089,1089,1089,1089,1089,1089,1089,1089,1089,1089,1089,1089,1089,981,981,981,981,981,981,981
1091;1093,1091,1091,1091;1093,1091;1093,1091;1093,1091;1093,1091;1093,1091;1093,1091;1093,1091;1093,1091;1093,1091;1093,1091;1093,1093;1095,1093;1095,1093;1095,1095,1095,1095,1095
1092,1092,1092,1092,1092,1092,1092,1092,1092,1092,1092,1092,1092,1092,1094,1094,1094,1094,1094,1094,1094
1094,1094,1094,1094,1094,1094,1094,1094,1094,1094,1094,1094,1094,1094,1096,1096,1096,1096,1096,1096,1096
1095,1095,1095,1095,1095,1095,1095,1095,1095,1095,1095,1095,1095,1095,1097,1097,1097,1097,1097,1097,1097
1096,1096,1096,1096,1096,1096,1096,1096,1096,1096,1096,1096,1096,1096,1098,1098,1098,1098,1098,1098,1098
1097,1097,1097,1097,1097,1097,1097,1097,1097,1097,1097,1097,1097,1097,1099,1099,1099,1099,1099,1099,1099
1098,1098,1098,1098,1098,1098,1098,1098,1098,1098,1098,1098,1098,1098,993,993,993,993,993,993,993
1099,1099,1099,1099,1099,1099,1099,1099,1099,1099,1099,1099,1099,1099,991,991,991,991,991,991,991
1101,1101,1101,1101,1101,1101,1101,1101,1101,1101,1101,1101,1101,1101,1101,1101,1101,1101,1101,1101,1101
1102,1102,1102,1102,1102,1102,1102,1102,1102,1102,1102,1102,1102,1102,1102,1102,1102,1102,1102,1102,1102
1105,1105,1105,1105,1105,1105,1105,1105,1105,1105,1105,1105,1105,1105,1105,1105,1105,1105,1105,1105,1105
1109,1109,1109,1109,1109,1109,1109,1109,1109,1109,1109,1109,1109,1109,1109,1109,1109,1109,1109,1109,1109
1112,1112,1112,1112,1112,1112,1112,1112,1112,1112,1112,1112,1112,1112,1112,1112,1112,1123,1123,1123,1123
1113,1113,1113,1113,1113,1113,1113,1113,1113,1113,1113,1113,1113,1113,1113,1113,1113,1113,1113,1113,1113
1115,1115,1115,1115,1115,1115,1115,1115,1115,1115,1115,1115,1115,1115,1115,1115,1115,1115,1115,1115,1115
1117,1117,1117,1117,1117,1117,1117,1117,1117,1117,1117,1117,1117,1117,1117,1117,1117,1117,1117,1117,1117
1119,1119,1119,1119,1119,1119,1119,1119,1119,1119,1119,1119,1119,1119,1119,1119,1119,1119,1119,1119,1119
1122,1122,1122,1122,1122,1122,1122,1122,1122,1122,1122,1122,1122,1122,1122,1122,1122,1121,1121,1121,1121
1123,1123,1123,1123,1123,1123,1123,1123,1123,1123,1123,1123,1123,1123,1123,1123,1123,1122,1122,1122,1122
1124;1134,1124;1134,1124;1134,1124;1134,1124;1134,1124;1134,1124;1134,1124;1134,1124;1134,1124;1134,1124;1134,1124;1134,1124;1134,1124;1134,1124;1134,1124;1134,1124;1134,1134,1134,1134,1134
1125,1125,1125,1125,1125,1125,1125,1125,1125,1125,1125,1125,1125,1125,1125,1125,1125,1125,1125,1125,1125
1126,1126,1126,1126,1126,1126,1126,1126,1126,1126,1126,1126,1126,1126,1126,1126,1126,1126,1126,1126,1126
1127,1107;1127,1107;1127,1127,1127,1127,1127,1127,1127,1127,1127,1127,1127,1127,1127,1127,1127,1127,1127,1127,1127
1128,1128,1128,1128,1128,1128,1128,1128,1128,1128,1128,1128,1128,1128,1128,1128,1128,1128,1128,1128,1128
1129,1129,1129,1129,1129,1129,1129,1129,1129,1129,1129,1129,1129,1129,1129,1129,1129,1129,1129,1129,1129
1132,1132,1132,1132,1132,1132,1132,1132,1132,1132,1132,1132,1132,1132,1132,1132,1132,1132,1132,1132,1132
1133,1133,1133,1133,1133,1133,1133,1133,1133,1133,1133,1133,1133,1133,1133,1133,1133,1133,1133,1133,1133
1135,1135,1135,1135,1135,1135,1135,1135,1135,1135,1135,1135,1135,1135,1135,1135,1135,1135,1135,1135,1135
1136,1136,1136,1136,1136,1136,1136,1136,1136,1136,1136,1136,1136,1136,1136,1136,1136,1136,1136,1136,1136
1137,1116;1137,1116;1137,1137,1137,1137,1137,1137,1137,1137,1137,1137,1137,1137,1137,1137,1137,1137,1137,1137,1137
1138,1118;1138,1118;1138,1138,1138,1138,1138,1138,1138,1138,1138,1138,1138,1138,1138,1138,1138,1138,1138,1138,1138
1139,1139,1139,1139,1139,1139,1139,1139,1139,1139,1139,1139,1139,1139,1139,1139,1139,1139,1139,1139,1139
1141,1141,1141,1141,1141,1141,1141,1141,1141,1141,1141,1141,1141,1141,1141,1141,1141,1151,1151,1151,1151
1142,1142,1142,1142,1142,1142,1142,1142,1142,1142,1142,1142,1142,1142,1142,1142,1142,1152,1152,1152,1152
1143,1143,1143,1143,1143,1143,1143,1143,1143,1143,1143,1143,1143,1143,1143,1143,1143,1153,1153,1153,1153
1144,1144,1144,1144,1144,1144,1144,1144,1144,1144,1144,1144,1144,1144,1144,1144,1144,1154,1154,1154,1154
1145,1145,1145,1145,1145,1145,1145,1145,1145,1145,1145,1145,1145,1145,1145,1145,1145,1155,1155,1155,1155
1146,1146,1146,1146,1146,1146,1146,1146,1146,1146,1146,1146,1146,1146,1146,1146,1146,1156,1156,1156,1156
1147,1147,1147,1147,1147,1147,1147,1147,1147,1147,1147,1147,1147,1147,1147,1147,1147,1157,1157,1157,1157
1148,1148,1148,1148,1148,1148,1148,1148,1148,1148,1148,1148,1148,1148,1148,1148,1148,1158,1158,1158,1158
1149,1149;1169,1149;1169,1149,1149,1149,1149,1149,1149,1149,1149,1149,1149,1149,1149,1149,1149,1159,1159,1159,1159
1151,1151,1151,1151,1151,1151,1151,1151,1151,1151,1151,1151,1151,1151,1151,1151,1151,1161,1161,1161,1161
1152,1152,1152,1152,1152,1152,1152,1152,1152,1152,1152,1152,1152,1152,1152,1152,1152,1162,1162,1162,1162
1157,1157,1157,1157,1157,1157,1157,1157,1157,1157,1157,1157,1157,1157,1157,1157,1157,1167,1167,1167,1167
1158,1158,1158,1158,1158,1158,1158,1158,1158,1158,1158,1158,1158,1158,1158,1158,1158,1168,1168,1168,1168
1159,1159,1159,1159,1159,1159,1159,1159,1159,1159,1159,1159,1159,1159,1159,1159,1159,1169,1169,1169,1169
1161,1161;1163,1161;1163,1161,1161,1161,1161,1161,1161,1161,1161,1161,1161,1161,1161,1161,1161,1171,1171,1171,1171
1162,1162,1162,1162,1162,1162,1162,1162,1162,1162,1162,1162,1162,1162,1162,1162,1162,1172,1172,1172,1172
1171,1171,1171,1171,1171,1171,1171,1171,1171,1171,1171,1171,1171,1171,1171,1171,1171,1173,1173,1173,1173
1172,1172,1172,1172,1172,1172,1172,1172,1172,1172,1172,1172,1172,1172,1172,1172,1172,1174,1174,1174,1174
1173,1173;1183,1173;1183,1173,1173,1173,1173,1173,1173,1173,1173,1173,1173,1173,1173,1173,1173,1175,1175,1175,1175
1174,1174,1174,1174,1174,1174,1174,1174,1174,1174,1174,1174,1174,1174,1174,1174,1174,1176,1176,1176,1176
1175,1175,1175,1175,1175,1175,1175,1175,1175,1175,1175,1175,1175,1175,1175,1175,1175,1187,1187,1187,1187
1176,1176,1176,1176,1176,1176,1176,1176,1176,1176,1176,1176,1176,1176,1176,1176,1176,1177,1177,1177,1177
1177,1177;1178,1177;1178,1177,1177,1177,1177,1177,1177,1177,1177,1177,1177,1177,1177,1177,1177,1178,1178,1178,1178
1179,1179,1179,1179,1179,1179,1179,1179,1179,1179,1179,1179,1179,1179,1179,1179,1179,1179,1179,1179,1179
1181,1181,1181,1181,1181,1181,1181,1181,1181,1181,1181,1181,1181,1181,1181,1181,1181,1184,1184,1184,1184
1184,1184,1184,1184,1184,1184,1184,1184,1184,1184,1184,1184,1184,1184,1184,1184,1184,1186,1186,1186,1186
1185,1185,1185,1185,1185,1185,1185,1185,1185,1185,1185,1185,1185,1185,1185,1185,1185,1196,1196,1196,1196
1186,1186,1186,1186,1186,1186,1186,1186,1186,1186,1186,1186,1186,1186,1186,1186,1186,1188,1188,1188,1188
1189,1189,1189,1189,1189,1189,1189,1189,1189,1189,1189,1189,1189,1189,1189,1189,1189,1189,1189,1189,1189
1195,1195,1195,1195,1195,1195,1195,1195,1195,1195,1195,1195,1195,1195,1195,1195,1195,1198,1198,1198,1198
1199,1199,1199,1199,1199,1199,1199,1199,1199,1199,1199,1199,1199,1199,1199,1199,1199,1199,1199,1199,1199
1203,1203,1203,1203,1203,1203,1203,1203,1203,1203,1203,1203,1203,1203,1203,1203,1203,1203,1203,1203,1203
1204,1204,1204,1204,1204,1204,1204,1204,1204,1204,1204,1204,1204,1204,1204,1204,1204,1204,1204,1204,1204
1205,1205,1205,1205,1205,1205,1205,1205,1205,1205,1205,1205,1205,1205,1205,1205,1205,1205,1205,1205,1205
1208,1207;1208,1207;1208,1208,1208,1208,1208,1208,1208,1208,1208,1208,1208,1208,1208,1208,1208,1208,1208,1208,1208
1209,1209,1209,1209,1209,1209,1209,1209,1209,1209,1209,1209,1209,1209,1209,1209,1209,1209,1209,1209,1209
1211,1211,1211,1211,1211,1211,1211,1211,1211,1211,1211,1211,1211,1211,1211,1211,1211,1211,1211,1211,1211
1213,1213,1213,1213,1213,1213,1213,1213,1213,1213,1213,1213,1213,1213,1213,1213,1213,1213,1213,1213,1213
1215,1215,1215,1215,1215,1215,1215,1215,1215,1215,1215,1215,1215,1215,1215,1215,1215,1215,1215,1215,1215
1218,1218,1218,1218,1218,1218,1218,1218,1218,1218,1218,1218,1218,1218,1218,1218,1218,1218,1218,1218,1218
1219,1219,1219,1219,1219,1219,1219,1219,1219,1219,1219,1219,1219,1219,1219,1219,1219,1219,1219,1219,1219
1231,1231,1231,1231,1231,1231,1231,1231,1231,1231,1231,1231,1231,1231,1231,1231,1231,1231,1231,1231,1231
1232,1232,1232,1232,1232,1232,1232,1232,1232,1232,1232,1232,1232,1232,1232,1232,1232,1232,1232,1232,1232
1233,1233,1233,1233,1233,1233,1233,1233,1233,1233,1233,1233,1233,1233,1233,1233,1233,1233,1233,1233,1233
1235,1235,1235,1235,1235,1235,1235,1235,1235,1235,1235,1235,1235,1235,1235,1235,1235,1235,1235,1235,1235
1239,1239,1239,1239,1239,1239,1239,1239,1239,1239,1239,1239,1239,1239,1239,1239,1239,1239,1239,1239,1239
1241,1241,1241,1241,1241,1241,1241,1241,1241,1241,1241,1241,1241,1241,1241,1241,1241,1241,1241,1241,1241
1242,1242,1242,1242,1242,1242,1242,1242,1242,1242,1242,1242,1242,1242,1242,1242,1242,1242,1242,1242,1242
1243,1243,1243,1243,1243,1243,1243,1243,1243,1243,1243,1243,1243,1243,1243,1243,1243,1243,1243,1243,1243
1245,1245,1245,1245,1245,1245,1245,1245,1245,1245,1245,1245,1245,1245,1245,1245,1245,1245,1245,1245,1245
1248,1248,1248,1248,1248,1248,1248,1248,1248,1248,1248,1248,1248,1248,1248,1248,1248,1248,1248,1248,1248
1249,1249,1249,1249,1249,1249,1249,1249,1249,1249,1249,1249,1249,1249,1249,1249,1249,1249,1249,1249,1249
1251,1251,1251,1251,1251,1251,1251,1251,1251,1251,1251,1251,1251,1251,1251,1251,1251,1251,1251,1251,1251
1252,1252,1252,1252,1252,1252,1252,1252,1252,1252,1252,1252,1252,1252,1252,1252,1252,1252,1252,1252,1252
1253,1253,1253,1253,1253,1253,1253,1253,1253,1253,1253,1253,1253,1253,1253,1253,1253,1253,1253,1253,1253
1255,1255,1255,1255,1255,1255,1255,1255,1255,1255,1255,1255,1255,1255,1255,1255,1255,1255,1255,1255,1255
1256,1256;1257,1256;1257,1256,1256,1256,1256,1256,1256,1256,1256,1256,1256,1256,1256,1256,1256,1256,1256,1256,1256
1258,1258,1258,1258,1258,1258,1258,1258,1258,1258,1258,1258,1258,1258,1258,1258,1258,1258,1258,1258,1258
1259,1259,1259,1259,1259,1259,1259,1259,1259,1259,1259,1259,1259,1259,1259,1259,1259,1259,1259,1259,1259
1263,1263,1263,1263,1263,1263,1263,1263,1263,1263,1263,1263,1263,1263,1263,1263,1263,1263,1263,1263,1263
1265,1265,1265,1265,1265,1265,1265,1265,1265,1265,1265,1265,1265,1265,1265,1265,1265,1265,1265,1265,1265
1266,1266;1267,1266;1267,1266,1266,1266,1266,1266,1266,1266,1266,1266,1266,1266,1266,1266,1266,1266,1266,1266,1266
1268,1268,1268,1268,1268,1268,1268,1268,1268,1268,1268,1268,1268,1268,1268,1268,1268,1268,1268,1268,1268
1269,1269,1269,1269,1269,1269,1269,1269,1269,1269,1269,1269,1269,1269,1269,1269,1269,1269,1269,1269,1269
1273,1273,1273,1273,1273,1273,1273,1273,1273,1273,1273,1273,1273,1273,1273,1273,1273,1273,1273,1273,1273
1283,1283,1283,1283,1283,1283,1283,1283,1283,1283,1283,1283,1283,1283,1283,1283,1283,1283,1283,1283,1283
1293,1293,1293,1293,1293,1293,1293,1293,1293,1293,1293,1293,1293,1293,1293,1293,1293,1293,1293,1293,1293
1303,1303,1303,1303,1303,1303,1303,1303,1303,1303,1303,1303,1303,1303,1303,1303,1303,1301,1301,1301,1301
1307,1307,1307,1307,1307,1307,1307,1307,1307,1307,1307,1307,1307,1307,1307,1307,1307,1307,1307,1307,1307
1309,1309,1309,1309,1309,1309,1309,1309,1309,1309,1309,1309,1309,1309,1309,1309,1309,1309,1309,1309,1309
1311,1311,1311,1311,1311,1311,1311,1311,1311,1311,1311,1311,1311,1311,1311,1311,1311,1321,1321,1321,1321
1313,1313,1313,1313,1313,1313,1313,1313,1313,1313,1313,1313,1313,1313,1313,1313,1313,1311,1311,1311,1311
1317,1317,1317,1317,1317,1317,1317,1317,1317,1317,1317,1317,1317,1317,1317,1317,1317,1317,1317,1317,1317
1321,1321,1321,1321,1321,1321,1321,1321,1321,1321,1321,1321,1321,1321,1321,1321,1321,1322,1322,1322,1322
1323,1322;1323,1322;1323,1323,1323,1323,1323,1323,1323,1323,1323,1323,1323,1323,1323,1323,1323,1323,1323,1323,1323
1325,1324;1325,1324;1325,1325,1325,1325,1325,1325,1325,1325,1325,1325,1325,1325,1325,1325,1325,1325,1325,1325,1325
1327,1326;1327,1326;1327,1327,1327,1327,1327,1327,1327,1327,1327,1327,1327,1327,1327,1327,1327,1327,1327,1327,1327
1331,1331,1331,1331,1331,1331,1331,1331,1331,1331,1331,1331,1331,1331,1331,1331,1331,1331,1331,1331,1331
1333,1333,1333,1333,1333,1333,1333,1333,1333,1333,1333,1333,1333,1333,1333,1333,1333,1333,1333,1333,1333
1341,1341,1341,1341,1341,1341,1341,1341,1341,1341,1341,1341,1341,1341,1341,1341,1341,1341,1341,1341,1341
1342,1342;1354,1342;1354,1342,1342,1342,1342,1342,1342,1342,1342,1342,1342,1342,1342,1342,1342,1342,1342,1342,1342
1343,1343;1344,1343;1344,1343,1343,1343,1343,1343,1343,1343,1343,1343,1343,1343,1343,1343,1343,1343,1343,1343,1343
1345,1345;1346,1345;1346,1345,1345,1345,1345,1345,1345,1345,1345,1345,1345,1345,1345,1345,1345,1345,1345,1345,1345
1347,1347,1347,1347,1347,1347,1347,1347,1347,1347,1347,1347,1347,1347,1347,1347,1347,1347,1347,1347,1347
1351,1351,1351,1351,1351,1351,1351,1351,1351,1351,1351,1351,1351,1351,1351,1351,1351,1351,1351,1351,1351
1352,1352,1352,1352,1352,1352,1352,1352,1352,1352,1352,1352,1352,1352,1352,1352,1352,1352,1352,1352,1352
1353,1353,1353,1353,1353,1353,1353,1353,1353,1353,1353,1353,1353,1353,1353,1353,1353,1353,1353,1353,1353
1361,1361,1361,1361,1361,1361,1361,1361,1361,1361,1361,1361,1361,1361,1361,1361,1361,1361,1361,1361,1361
1362,1362,1362,1362,1362,1362,1362,1362,1362,1362,1362,1362,1362,1362,1362,1362,1362,1362,1362,1362,1362
1363,1363,1363,1363,1363,1363,1363,1363,1363,1363,1363,1363,1363,1363,1363,1363,1363,1363,1363,1363,1363
1365,1364;1365,1364;1365,1365,1365,1365,1365,1365,1365,1365,1365,1365,1365,1365,1365,1365,1365,1365,1365,1365,1365
1367,1367,1367,1367,1367,1367,1367,1367,1367,1367,1367,1367,1367,1367,1367,1367,1367,1367,1367,1367,1367
1371,1371,1371,1371,1371,1371,1371,1371,1371,1371,1371,1371,1371,1371,1371,1371,1371,1371,1371,1371,1371
1373,1372;1373,1372;1373,1373,1373,1373,1373,1373,1373,1373,1373,1373,1373,1373,1373,1373,1373,1373,1373,1373,1373
1375,1375,1375,1375,1375,1375,1375,1375,1375,1375,1375,1375,1375,1375,1375,1375,1375,1375,1375,1375,1375
1377,1377,1377,1377,1377,1377,1377,1377,1377,1377,1377,1377,1377,1377,1377,1377,1377,1377,1377,1377,1377
1381,1381,1381,1381,1381,1381,1381,1381,1381,1381,1381,1381,1381,1381,1381,1381,1381,1381,1381,1381,1381
1383,1383,1383,1383,1383,1383,1383,1383,1383,1383,1383,1383,1383,1383,1383,1383,1383,1383,1383,1383,1383
1385,1385,1385,1385,1385,1385,1385,1385,1385,1385,1385,1385,1385,1385,1385,1385,1385,1385,1385,1385,1385
1391,1391,1391,1391,1391,1391,1391,1391,1391,1391,1391,1391,1391,1391,1391,1391,1391,1391,1391,1391,1391
1393,1393;1394,1393;1394,1393,1393,1393,1393,1393,1393,1393,1393,1393,1393,1393,1393,1393,1393,1393,1393,1393,1393
1395,1395,1395,1395,1395,1395,1395,1395,1395,1395,1395,1395,1395,1395,1395,1395,1395,1395,1395,1395,1395
1401,1401,1401,1401,1401,1401,1401,1401,1401,1401,1401,1401,1401,1401,1401,1401,1401,1407,1407,1407,1407
1402,1402,1402,1402,1402,1402,1402,1402,1402,1402,1402,1402,1402,1402,1402,1402,1402,1408,1408,1408,1408
1403,1403,1403,1403,1403,1403,1403,1403,1403,1403,1403,1403,1403,1403,1403,1403,1403,1409,1409,1409,1409
1405,1405,1405,1405,1405,1405,1405,1405,1405,1405,1405,1405,1405,1405,1405,1405,1405,1425,1425,1425,1425
1406,1406,1406,1406,1406,1406,1406,1406,1406,1406,1406,1406,1406,1406,1406,1406,1406,1424,1424,1424,1424
1407,1407,1407,1407,1407,1407,1407,1407,1407,1407,1407,1407,1407,1407,1407,1407,1407,1426;1427,1426;1427,1426;1427,1426;1427
1408,1408,1408,1408,1408,1408,1408,1408,1408,1408,1408,1408,1408,1408,1408,1408,1408,1429,1429,1429,1429
1409,1409,1409,1409,1409,1409,1409,1409,1409,1409,1409,1409,1409,1409,1409,1409,1409,1428,1428,1428,1428
1411;1431;1441,1411;1431;1441,1411;1431;1441,1411;1431;1441,1411;1431;1441,1411;1431;1441,1411;1431;1441,1411;1431;1441,1411;1431;1441,1411;1431;1441,1411;1431;1441,1411;1431;1441,1411;1431;1441,1411;1431;1441,1411;1431;1441,1411;1431;1441,1411;1431;1441,1401;1411;1432,1401;1411;1432,1401;1411;1432,1401;1411;1432
1412,1412,1412,1412,1412,1412,1412,1412,1412,1412,1412,1412,1412,1412,1412,1412,1412,1402,1402,1402,1402
1413,1413,1413,1413,1413,1413,1413,1413,1413,1413,1413,1413,1413,1413,1413,1413,1413,1403,1403,1403,1403
1414,1414,1414,1414,1414,1414,1414,1414,1414,1414,1414,1414,1414,1414,1414,1414,1414,1404,1404,1404,1404
1415,1415,1415,1415,1415,1415,1415,1415,1415,1415,1415,1415,1415,1415,1415,1415,1415,1405,1405,1405,1405
1416,1416,1416,1416,1416,1416,1416,1416,1416,1416,1416,1416,1416,1416,1416,1416,1416,1406,1406,1406,1406
1424,1424,1424,1424,1424,1424,1424,1424,1424,1424,1424,1424,1424,1424,1424,1424,1424,1415,1415,1415,1415
1425,1425,1425,1425,1425,1425,1425,1425,1425,1425,1425,1425,1425,1425,1425,1425,1425,1416,1416,1416,1416
1426,1426,1426,1426,1426,1426,1426,1426,1426,1426,1426,1426,1426,1426,1426,1426,1426,1417,1417,1417,1417
1427,1427,1427,1427,1427,1427,1427,1427,1427,1427,1427,1427,1427,1427,1427,1427,1427,1418,1418,1418,1418
1428,1428,1428,1428,1428,1428,1428,1428,1428,1428,1428,1428,1428,1428,1428,1428,1428,1419,1419,1419,1419
1432,1432,1432,1432,1432,1432,1432,1432,1432,1432,1432,1432,1432,1432,1432,1432,1432,1412,1412,1412,1412
1433,1433,1433,1433,1433,1433,1433,1433,1433,1433,1433,1433,1433,1433,1433,1433,1433,1413,1413,1413,1413
1434,1434,1434,1434,1434,1434,1434,1434,1434,1434,1434,1434,1434,1434,1434,1434,1434,1414,1414,1414,1414
1435,1435,1435,1435,1435,1435,1435,1435,1435,1435,1435,1435,1435,1435,1435,1435,1435,1421,1421,1421,1421
1436,1436,1436,1436,1436,1436,1436,1436,1436,1436,1436,1436,1436,1436,1436,1436,1436,1422,1422,1422,1422
1437;1438,1437;1438,1437;1438,1437;1438,1437;1438,1437;1438,1437;1438,1437;1438,1437;1438,1437;1438,1437;1438,1437;1438,1437;1438,1437;1438,1437;1438,1437;1438,1437;1438,1423,1423,1423,1423
1443,1443,1443,1443,1443,1443,1443,1443,1443,1443,1443,1443,1443,1443,1443,1443,1443,1433,1433,1433,1433
1444,1444,1444,1444,1444,1444,1444,1444,1444,1444,1444,1444,1444,1444,1444,1444,1444,1434,1434,1434,1434
1445,1445,1445,1445,1445,1445,1445,1445,1445,1445,1445,1445,1445,1445,1445,1445,1445,1435,1435,1435,1435
1446,1446,1446,1446,1446,1446,1446,1446,1446,1446,1446,1446,1446,1446,1446,1446,1446,1436,1436,1436,1436
1449,1449,1449,1449,1449,1449,1449,1449,1449,1449,1449,1449,1449,1449,1449,1449,1449,1438,1438,1438,1438
1451,1451,1451,1451,1451,1451,1451,1451,1451,1451,1451,1451,1451,1451,1451,1451,1451,1441,1441,1441,1441
1452,1452,1452,1452,1452,1452,1452,1452,1452,1452,1452,1452,1452,1452,1452,1452,1452,1442,1442,1442,1442
1453,1453,1453,1453,1453,1453,1453,1453,1453,1453,1453,1453,1453,1453,1453,1453,1453,1444,1444,1444,1444
1454;1455;1463,1454;1455;1463,1454;1455;1463,1454;1455;1463,1454;1455;1463,1454;1455;1463,1454;1455;1463,1454;1455;1463,1454;1455;1463,1454;1455;1463,1454;1455;1463,1454;1455;1463,1454;1455;1463,1454;1455;1463,1454;1455;1463,1454;1455;1463,1454;1455;1463,1443;1445;1453;1455,1443;1445;1453;1455,1443;1445;1453;1455,1443;1445;1453;1455
1456,1456,1456,1456,1456,1456,1456,1456,1456,1456,1456,1456,1456,1456,1456,1456,1456,1446,1446,1446,1446
1457,1457;1468,1457;1468,1457,1457,1457,1457,1457,1457,1457,1457,1457,1457,1457,1457,1457,1457,1447,1447,1447,1447
1458,1458,1458,1458,1458,1458,1458,1458,1458,1458,1458,1458,1458,1458,1458,1458,1458,1448,1448,1448,1448
1459,1459,1459,1459,1459,1459,1459,1459,1459,1459,1459,1459,1459,1459,1459,1459,1459,1449,1449,1449,1449
1462;1472;1492;1493,1462;1472;1492;1493,1462;1472;1492;1493,1462;1472;1492;1493,1462;1472;1492;1493,1462;1472;1492;1493,1462;1472;1492;1493,1462;1472;1492;1493,1462;1472;1492;1493,1462;1472;1492;1493,1462;1472;1492;1493,1462;1472;1492;1493,1462;1472;1492;1493,1462;1472;1492;1493,1462;1472;1492;1493,1462;1472;1492;1493,1462;1472;1492;1493,1452;1482;1492;1498,1452;1482;1492;1498,1452;1482;1492;1498,1452;1492
1464,1464,1464,1464,1464,1464,1464,1464,1464,1464,1464,1464,1464,1464,1464,1464,1464,1458,1458,1458,1458
1465,1465,1465,1465,1465,1465,1465,1465,1465,1465,1465,1465,1465,1465,1465,1465,1465,1459,1459,1459,1459
1466,1466,1466,1466,1466,1466,1466,1466,1466,1466,1466,1466,1466,1466,1466,1466,1466,1466,1466,1466,1466
1467,1467,1467,1467,1467,1467,1467,1467,1467,1467,1467,1467,1467,1467,1467,1467,1467,1467,1467,1467,1467
1469,1469,1469,1469,1469,1469,1469,1469,1469,1469,1469,1469,1469,1469,1469,1469,1469,1469,1469,1469,1469
1471,1471,1471,1471,1471,1471,1471,1471,1471,1471,1471,1471,1471,1471,1471,1471,1471,1481,1481,1481,1481
1473,1473,1473,1473,1473,1473,1473,1473,1473,1473,1473,1473,1473,1473,1473,1473,1473,1463,1463,1463,1463
1474,1474,1474,1474,1474,1474,1474,1474,1474,1474,1474,1474,1474,1474,1474,1474,1474,1464,1464,1464,1464
1475,1475,1475,1475,1475,1475,1475,1475,1475,1475,1475,1475,1475,1475,1475,1475,1475,1465,1465,1465,1465
1476,1476,1476,1476,1476,1476,1476,1476,1476,1476,1476,1476,1476,1476,1476,1476,1476,1476,1476,1476,1476
1477,1477,1477,1477,1477,1477,1477,1477,1477,1477,1477,1477,1477,1477,1477,1477,1477,1477,1477,1477,1477
1479,1479,1479,1479,1479,1479,1479,1479,1479,1479,1479,1479,1479,1479,1479,1479,1479,1479,1479,1479,1479
1483,1483,1483,1483,1483,1483,1483,1483,1483,1483,1483,1483,1483,1483,1483,1483,1483,1483,1483,1483,1483
1484;1485;1486,1484;1485;1486,1484;1485;1486,1484;1485;1486,1484;1485;1486,1484;1485;1486,1484;1485;1486,1484;1485;1486,1484;1485;1486,1484;1485;1486,1484;1485;1486,1484;1485;1486,1484;1485;1486,1484;1485;1486,1484;1485;1486,1484;1485;1486,1484;1485;1486,1484;1486;1494,1484;1486;1494,1484;1486;1494,1485;1486
1487;1495;1496,1487;1495;1496,1487;1495;1496,1487;1495;1496,1487;1495;1496,1487;1495;1496,1487;1495;1496,1487;1495;1496,1487;1495;1496,1487;1495;1496,1487;1495;1496,1487;1495;1496,1487;1495;1496,1487;1495;1496,1487;1495;1496,1487;1495;1496,1487;1495;1496,1487;1495;1488,1487;1495;1488,1487;1495;1488,1487
1488,1488,1488,1488,1488,1488,1488,1488,1488,1488,1488,1488,1488,1488,1488,1488,1488,1489,1489,1489,1489
1489;1497;1498;1499,1489;1497;1498;1499,1489;1497;1498;1499,1489;1497;1498;1499,1489;1497;1498;1499,1489;1497;1498;1499,1489;1497;1498;1499,1489;1497;1498;1499,1489;1497;1498;1499,1489;1497;1498;1499,1489;1497;1498;1499,1489;1497;1498;1499,1489;1497;1498;1499,1489;1497;1498;1499,1489;1497;1498;1499,1489;1497;1498;1499,1489;1497;1498;1499,1497;1496;1499,1497;1496;1499,1497;1496;1499,1499
1491,1491,1491,1491,1491,1491,1491,1491,1491,1491,1491,1491,1491,1491,1491,1491,1491,1491,1491,1491,1491
1494,1494,1494,1494,1494,1494,1494,1494,1494,1494,1494,1494,1494,1494,1494,1494,1494,1493,1493,1493,1493;1497
1501,1501,1501,1501,1501,1501,1501,1501,1501,1501,1501,1501,1501,1501,1501,1501,1501,1501,1501,1501,1501
1502,1502,1502,1502,1502,1502,1502,1502,1502,1502,1502,1502,1502,1502,1502,1502,1502,1502,1502,1502,1502
1503,1503;1552,1503;1552,1503,1503,1503,1503,1503,1503,1503,1503,1503,1503,1503,1503,1503,1503,1503,1503,1503,1503
1504,1504,1504,1504,1504,1504,1504,1504,1504,1504,1504,1504,1504,1504,1504,1504,1504,1504,1504,1504,1504
1505,1505,1505,1505,1505,1505,1505,1505,1505,1505,1505,1505,1505,1505,1505,1505,1505,1505,1505,1505,1505
1506,1506;1536,1506;1536,1506,1506,1506,1506,1506,1506,1506,1506,1506,1506,1506,1506,1506,1506,1506,1506,1506,1506
1507,1507,1507,1507,1507,1507,1507,1507,1507,1507,1507,1507,1507,1507,1507,1507,1507,1507,1507,1507,1507
1508,1508,1508,1508,1508,1508,1508,1508,1508,1508,1508,1508,1508,1508,1508,1508,1508,1508,1508,1508,1508
1509,1509,1509,1509,1509,1509,1509,1509,1509,1509,1509,1509,1509,1509,1509,1509,1509,1509,1509,1509,1509
1511,1511,1511,1511,1511,1511,1511,1511,1511,1511,1511,1511,1511,1511,928,928,928,928,928,928,928
1512,1512,1512,1512,1512,1512,1512,1512,1512,1512,1512,1512,1512,1512,929,929,929,929,929,929,929
1513,1513,1513,1513,1513,1513,1513,1513,1513,1513,1513,1513,1513,1513,1512,1512,1512,1512,1512,1512,1512
1514,1514;1554,1514;1554,1514,1514,1514,1514,1514,1514,1514,1514,1514,1514,1514,1514,1514,1514,1514,1514,1514,1514
1515,1515;1563,1515;1563,1515,1515,1515,1515,1515,1515,1515,1515,1515,1515,1515,1515,1515,1515,1515,1515,1515,1515
1516,1516;1535,1516;1535,1516,1516,1516,1516,1516,1516,1516,1516,1516,1516,1516,1513,1513,1513,1513,1513,1513,1513
1518,1517;1518,1517;1518,1518,1518,1518,1518,1518,1518,1518,1518,1518,1518,1518,1518,1518,1518,1518,1518,1518,1518
1519,1519,1519,1519,1519,1519,1519,1519,1519,1519,1519,1519,1519,1519,1519,1519,1519,1519,1519,1519,1519
1521,1521,1521,1521,1521,1521,1521,1521,1521,1521,1521,1521,1521,1521,939,939,939,939,939,939,939
1522,1522;1551,1522;1551,1522,1522,1522,1522,1522,1522,1522,1522,1522,1522,1522,949,949,949,949,949,949,949
1523,1523;1525,1523;1525,1523,1523,1523,1523,1523,1523,1523,1523,1523,1523,1523,1511,1511,1511,1511,1511,1511,1511
1524,1524,1524,1524,1524,1524,1524,1524,1524,1524,1524,1524,1524,1524,1522,1522,1522,1522,1522,1522,1522
1526,1526,1526,1526,1526,1526,1526,1526,1526,1526,1526,1526,1526,1526,1526,1526,1526,1526,1526,1526,1526
1527,1527,1527,1527,1527,1527,1527,1527,1527,1527,1527,1527,1527,1527,1527,1527,1527,1527,1527,1527,1527
1528,1528,1528,1528,1528,1528,1528,1528,1528,1528,1528,1528,1528,1528,1528,1528,1528,1528,1528,1528,1528
1529,1529;1564,1529;1564,1529,1529,1529,1529,1529,1529,1529,1529,1529,1529,1529,1529,1529,1529,1529,1529,1529,1529
1531,1531,1531,1531,1531,1531,1531,1531,1531,1531,1531,1531,1531,1531,1531,1531,1531,1531,1531,1531,1531
1532,1532,1532,1532,1532,1532,1532,1532,1532,1532,1532,1532,1532,1532,1532,1532,1532,1532,1532,1532,1532
1533,1533,1533,1533,1533,1533,1533,1533,1533,1533,1533,1533,1533,1533,1533,1533,1533,1533,1533,1533,1533
1534,1534,1534,1534,1534,1534,1534,1534,1534,1534,1534,1534,1534,1534,1521,1521,1521,1521,1521,1521,1521
1537,1537,1537,1537,1537,1537,1537,1537,1537,1537,1537,1537,1537,1537,1537,1537,1537,1537,1537,1537,1537
1538,1538,1538,1538,1538,1538,1538,1538,1538,1538,1538,1538,1538,1538,1538,1538,1538,1538,1538,1538,1538
1539,1539,1539,1539,1539,1539,1539,1539,1539,1539,1539,1539,1539,1539,1539,1539,1539,1539,1539,1539,1539
1542,1542,1542,1542,1542,1542,1542,1542,1542,1542,1542,1542,1542,1542,1542,1542,1542,1542,1542,1542,1542
1543,1543,1543,1543,1543,1543,1543,1543,1543,1543,1543,1543,1543,1543,1543,1543,1543,1543,1543,1543,1543
1544,1544,1544,1544,1544,1544,1544,1544,1544,1544,1544,1544,1544,1544,1544,1544,1544,1544,1544,1544,1544
1545,1545,1545,1545,1545,1545,1545,1545,1545,1545,1545,1545,1545,1545,1545,1545,1545,1545,1545,1545,1545
1546,1546,1546,1546,1546,1546,1546,1546,1546,1546,1546,1546,1546,1546,1546,1546,1546,1546,1546,1546,1546
1547,1547,1547,1547,1547,1547,1547,1547,1547,1547,1547,1547,1547,1547,1547,1547,1547,1547,1547,1547,1547
1549,1548;1549,1548;1549,1549,1549,1549,1549,1549,1549,1549,1549,1549,1549,1549,1549,1549,1549,1549,1549,1549,1549
1553,1553,1553,1553,1553,1553,1553,1553,1553,1553,1553,1553,1553,1553,1553,1553,1553,1553,1553,1553,1553
1555,1555,1555,1555,1555,1555,1555,1555,1555,1555,1555,1555,1555,1555,1555,1555,1555,1555,1555,1555,1555
1557,1557,1557,1557,1557,1557,1557,1557,1557,1557,1557,1557,1557,1557,1557,1557,1557,1557,1557,1557,1557
1558,1558,1558,1558,1558,1558,1558,1558,1558,1558,1558,1558,1558,1558,1558,1558,1558,1558,1558,1558,1558
1559,1559,1559,1559,1559,1559,1559,1559,1559,1559,1559,1559,1559,1559,1559,1559,1559,1559,1559,1559,1559
1562,1562,1562,1562,1562,1562,1562,1562,1562,1562,1562,1562,1562,1562,1562,1562,1562,1562,1562,1562,1562
1565,1565,1565,1565,1565,1565,1565,1565,1565,1565,1565,1565,1565,1565,1565,1565,1565,1565,1565,1565,1565
1566,1566,1566,1566,1566,1566,1566,1566,1566,1566,1566,1566,1566,1566,1566,1566,1566,1566,1566,1566,1566
1567,1567,1567,1567,1567,1567,1567,1567,1567,1567,1567,1567,1567,1567,1567,1567,1567,1567,1567,1567,1567
1568,1568,1568,1568,1568,1568,1568,1568,1568,1568,1568,1568,1568,1568,1568,1568,1568,1568,1568,1568,1568
1569,1569,1569,1569,1569,1569,1569,1569,1569,1569,1569,1569,1569,1569,1569,1569,1569,1569,1569,1569,1569
1581,1581,1581,1581,1581,1581,1581,1581,1581,1581,1581,1581,1581,1581,1581,1581,1581,1581,1581,1581,1581
1585,1585,1585,1585,1585,1585,1585,1585,1585,1585,1585,1585,1585,1585,1585,1585,1585,1585,1585,1585,1585
1586,1586,1586,1586,1586,1586,1586,1586,1586,1586,1586,1586,1586,1586,1586,1586,1586,1586,1586,1586,1586
1588,1588,1588,1588,1588,1588,1588,1588,1588,1588,1588,1588,1588,1588,1588,1588,1588,1588,1588,1588,1588
1589,1589,1589,1589,1589,1589,1589,1589,1589,1589,1589,1589,1589,1589,1589,1589,1589,1589,1589,1589,1589
1592,1592,1592,1592,1592,1592,1592,1592,1592,1592,1592,1592,1592,1592,1592,1592,1592,1592,1592,1592,1592
1595,1595,1595,1595,1595,1595,1595,1595,1595,1595,1595,1595,1595,1595,1595,1595,1595,1595,1595,1595,1595
1596,1596,1596,1596,1596,1596,1596,1596,1596,1596,1596,1596,1596,1596,1596,1596,1596,1596,1596,1596,1596
1599,1599,1599,1599,1599,1599,1599,1599,1599,1599,1599,1599,1599,1599,1599,1599,1599,1599,1599,1599,1599
1626,1626,1626,1626,1626,1626,1626,1626,1626,1626,1626,1626,1626,1626,1626,1626,1626,1632,1632,1632,1632
1627,1627,1627,1627,1627,1627,1627,1627,1627,1627,1627,1627,1627,1627,1627,1627,1627,1634,1634,1634,1634
1633;1634,1633;1634,1633;1634,1633;1634,1633;1634,1633;1634,1633;1634,1633;1634,1633;1634,1633;1634,1633;1634,1633;1634,1633;1634,1633;1634,1633;1634,1633;1634,1633;1634,1631,1631,1631,1631
1635,1635,1635,1635,1635,1635,1635,1635,1635,1635,1635,1635,1635,1635,1635,1635,1635,1633,1633,1633,1633
1637;1639;1659,1637;1638;1639;1659,1637;1638;1639;1659,1637;1639;1659,1637;1639;1659,1637;1639;1659,1637;1639;1659,1637;1639;1659,1637;1639;1659,1637;1639;1659,1637;1639;1659,1637;1639;1659,1637;1639;1659,1637;1639;1659,1637;1639;1659,1637;1639;1659,1637;1639;1659,1635;1659,1635;1659,1635;1659,1635;1659
1651,1651,1651,1651,1651,1651,1651,1651,1651,1651,1651,1651,1651,1651,1651,1651,1651,1646,1646,1646,1646
1652,1652,1652,1652,1652,1652,1652,1652,1652,1652,1652,1652,1652,1652,1652,1652,1652,1647,1647,1647,1647
1653,1653,1653,1653,1653,1653,1653,1653,1653,1653,1653,1653,1653,1653,1653,1653,1653,1651,1651,1651,1651
1654,1646;1654,1646;1654,1654,1654,1654,1654,1654,1654,1654,1654,1654,1654,1654,1654,1654,1654,1652,1652,1652,1652
1655;1656,1655;1656,1655;1656,1655;1656,1655;1656,1655;1656,1655;1656,1655;1656,1655;1656,1655;1656,1655;1656,1655;1656,1655;1656,1655;1656,1655;1656,1655;1656,1655;1656,1653,1653,1653,1653
1657,1636;1657,1636;1657,1657,1657,1657,1657,1657,1657,1657,1657,1657,1657,1657,1657,1657,1657,1654,1654,1654,1654
1658,1649;1658,1649;1658,1658,1658,1658,1658,1658,1658,1658,1658,1658,1658,1658,1658,1658,1658,1655,1655,1655,1655
1661,1661,1661,1661,1661,1661,1661,1661,1661,1661,1661,1661,1661,1661,1661,1661,1661,1648,1648,1648,1648
1662,1662,1662,1662,1662,1662,1662,1662,1662,1662,1662,1662,1662,1662,1662,1662,1662,1649,1649,1649,1649
1663,1647;1663,1647;1663,1663,1663,1663,1663,1663,1663,1663,1663,1663,1663,1663,1663,1663,1663,1656,1656,1656,1656
1664,1664,1664,1664,1664,1664,1664,1664,1664,1664,1664,1664,1664,1664,1664,1664,1664,1657,1657,1657,1657
1665,1665,1665,1665,1665,1665,1665,1665,1665,1665,1665,1665,1665,1665,1665,1665,1665,1658,1658,1658,1658
1666,1666,1666,1666,1666,1666,1666,1666,1666,1666,1666,1666,1666,1666,1666,1666,1666,1681,1681,1681,1681
1667,1667,1667,1667,1667,1667,1667,1667,1667,1667,1667,1667,1667,1667,1667,1667,1667,1682,1682,1682,1682
1668,1668,1668,1668,1668,1668,1668,1668,1668,1668,1668,1668,1668,1668,1668,1668,1668,1683,1683,1683,1683
1669,1669,1669,1669,1669,1669,1669,1669,1669,1669,1669,1669,1669,1669,1669,1669,1669,1686,1686,1686,1686
1671,1671,1671,1671,1671,1671,1671,1671,1671,1671,1671,1671,1671,1671,1671,1671,1671,1661,1661,1661,1661
1672,1672,1672,1672,1672,1672,1672,1672,1672,1672,1672,1672,1672,1672,1672,1672,1672,1662,1662,1662,1662
1673,1673,1673,1673,1673,1673,1673,1673,1673,1673,1673,1673,1673,1673,1673,1673,1673,1664,1664,1664,1664
1674,1674,1674,1674,1674,1674,1674,1674,1674,1674,1674,1674,1674,1674,1674,1674,1674,1665,1665,1665,1665
1675,1648;1675,1648;1675,1675,1675,1675,1675,1675,1675,1675,1675,1675,1675,1675,1675,1675,1675,1666,1666,1666,1666
1676,1676,1676,1676,1676,1676,1676,1676,1676,1676,1676,1676,1676,1676,1676,1676,1676,1671,1671,1671,1671
1677,1677,1677,1677,1677,1677,1677,1677,1677,1677,1677,1677,1677,1677,1677,1677,1677,1672,1672,1672,1672
1678,1678,1678,1678,1678,1678,1678,1678,1678,1678,1678,1678,1678,1678,1678,1678,1678,1691,1691,1691,1691
1681,1681,1681,1681,1681,1681,1681,1681,1681,1681,1681,1681,1681,1681,1681,1681,1681,1663,1663,1663,1663
1682,1682,1682,1682,1682,1682,1682,1682,1682,1682,1682,1682,1682,1682,1682,1682,1682,1667,1667,1667,1667
1683,1683,1683,1683,1683,1683,1683,1683,1683,1683,1683,1683,1683,1683,1683,1683,1683,1673,1673,1673,1673
1684,1684,1684,1684,1684,1684,1684,1684,1684,1684,1684,1684,1684,1684,1684,1684,1684,1692,1692,1692,1692
1685,1685,1685,1685,1685,1685,1685,1685,1685,1685,1685,1685,1685,1685,1685,1685,1685,1693,1693,1693,1693
1686,1686,1686,1686,1686,1686,1686,1686,1686,1686,1686,1686,1686,1686,1686,1686,1686,1684,1684,1684,1684
1687,1679;1687,1679;1687,1687,1687,1687,1687,1687,1687,1687,1687,1687,1687,1687,1687,1687,1687,1685,1685,1685,1685
1688,1688;1698,1688;1698,1688,1688,1688,1688,1688,1688,1688,1688,1688,1688,1688,1688,1688,1688,1687,1687,1687,1687
1689,1689,1689,1689,1689,1689,1689,1689,1689,1689,1689,1689,1689,1689,1689,1689,1689,1688,1688,1688,1688
1691,1691,1691,1691,1691,1691,1691,1691,1691,1691,1691,1691,1691,1691,1691,1691,1691,1674,1674,1674,1674
1692,1692,1692,1692,1692,1692,1692,1692,1692,1692,1692,1692,1692,1692,1692,1692,1692,1695,1695,1695,1695
1693,1693,1693,1693,1693,1693,1693,1693,1693,1693,1693,1693,1693,1693,1693,1693,1693,1694,1694,1694,1694
1694,1694,1694,1694,1694,1694,1694,1694,1694,1694,1694,1694,1694,1694,1694,1694,1694,1696,1696,1696,1696
1695,1695,1695,1695,1695,1695,1695,1695,1695,1695,1695,1695,1695,1695,1695,1695,1695,1689,1689,1689,1689
1696,1696,1696,1696,1696,1696,1696,1696,1696,1696,1696,1696,1696,1696,1696,1696,1696,1699,1699,1699,1699
1697,1697,1697,1697,1697,1697,1697,1697,1697,1697,1697,1697,1697,1697,1697,1697,1697,1697,1697,1697,1697
1699,1699,1699,1699,1699,1699,1699,1699,1699,1699,1699,1699,1699,1699,1699,1699,1699,1698,1698,1698,1698
1701,1701,1701,1701,1701,1701,1701,1701,1701,1701,1701,1701,1701,1701,1701,1701,1701,1701;1702,1701;1702,1701;1702,1701;1702
1702;1703;1704;1713,1702;1703;1704;1713,1702;1703;1704;1713,1702;1703;1704;1713,1702;1703;1704;1713,1702;1703;1704;1713,1702;1703;1704;1713,1702;1703;1704;1713,1702;1703;1704;1713,1702;1703;1704;1713,1702;1703;1704;1713,1702;1703;1704;1713,1702;1703;1704;1713,1702;1703;1704;1713,1702;1703;1704;1713,1702;1703;1704;1713,1702;1703;1704;1713,1703,1703,1703,1703
1705,1705,1705,1705,1705,1705,1705,1705,1705,1705,1705,1705,1705,1705,1705,1705,1705,1705,1705,1705,1705
1706;1707;1715,1706;1707;1715,1706;1707;1715,1706;1707;1715,1706;1707;1715,1706;1707;1715,1706;1707;1715,1706;1707;1715,1706;1707;1715,1706;1707;1715,1706;1707;1715,1706;1707;1715,1706;1707;1715,1706;1707;1715,1706;1707;1715,1706;1707;1715,1706;1707;1715,1706,1706,1706,1706
1714,1714,1714,1714,1714,1714,1714,1714,1714,1714,1714,1714,1714,1714,1714,1714,1714,1715,1715,1715,1715
1716,1716,1716,1716,1716,1716,1716,1716,1716,1716,1716,1716,1716,1716,1716,1716,1716,1716,1716,1716,1716
1721;1722;1731,1721;1722;1731,1721;1722;1731,1721;1722;1731,1721;1722;1731,1721;1722;1731,1721;1722;1731,1721;1722;1731,1721;1722;1731,1721;1722;1731,1721;1722;1731,1721;1722;1731,1721;1722;1731,1721;1722;1731,1721;1722;1731,1721;1722;1731,1721;1722;1731,1711;1731;1741,1711;1731;1741,1711;1731;1741,1711;1731;1741
1723,1723,1723,1723,1723,1723,1723,1723,1723,1723,1723,1723,1723,1723,1723,1723,1723,1712,1712,1712,1712
1724,1724,1724,1724,1724,1724,1724,1724,1724,1724,1724,1724,1724,1724,1724,1724,1724,1713,1713,1713,1713
1725,1725,1725,1725,1725,1725,1725,1725,1725,1725,1725,1725,1725,1725,1725,1725,1725,1714,1714,1714,1714
1726,1726,1726,1726,1726,1726,1726,1726,1726,1726,1726,1726,1726,1726,1726,1726,1726,1734,1734,1734,1734
1727,1727,1727,1727,1727,1727,1727,1727,1727,1727,1727,1727,1727,1727,1727,1727,1727,1727,1727,1727,1727
1728,1728,1728,1728,1728,1728,1728,1728,1728,1728,1728,1728,1728,1728,1728,1728,1728,1728,1728,1728,1728
1732;1733,1732;1733,1732;1733,1732;1733,1732;1733,1732;1733,1732;1733,1732;1733,1732;1733,1732;1733,1732;1733,1732;1733,1732;1733,1732;1733,1732;1733,1732;1733,1732;1733,1742,1742,1742,1742
1734,1734,1734,1734,1734,1734,1734,1734,1734,1734,1734,1734,1734,1734,1734,1734,1734,1743,1743,1743,1743
1735,1735,1735,1735,1735,1735,1735,1735,1735,1735,1735,1735,1735,1735,1735,1735,1735,1744,1744,1744,1744
1736,1736,1736,1736,1736,1736,1736,1736,1736,1736,1736,1736,1736,1736,1736,1736,1736,1745,1745,1745,1745
1737,1737,1737,1737,1737,1737,1737,1737,1737,1737,1737,1737,1737,1737,1737,1737,1737,1736,1736,1736,1736
1738,1738,1738,1738,1738,1738,1738,1738,1738,1738,1738,1738,1738,1738,1738,1738,1738,1737,1737,1737,1737
1744,1744,1744,1744,1744,1744,1744,1744,1744,1744,1744,1744,1744,1744,1744,1744,1744,1746,1746,1746,1746
1745,1745,1745,1745,1745,1745,1745,1745,1745,1745,1745,1745,1745,1745,1745,1745,1745,1747,1747,1747,1747
1746,1746,1746,1746,1746,1746,1746,1746,1746,1746,1746,1746,1746,1746,1746,1746,1746,1757,1757,1757,1757
1747,1747,1747,1747,1747,1747,1747,1747,1747,1747,1747,1747,1747,1747,1747,1747,1747,1748,1748,1748,1748
1751,1751,1751,1751,1751,1751,1751,1751,1751,1751,1751,1751,1751,1751,1751,1751,1751,1751,1751,1751,1751
1752,1752,1752,1752,1752,1752,1752,1752,1752,1752,1752,1752,1752,1752,1752,1752,1752,1752,1752,1752,1752
1753,1753,1753,1753,1753,1753,1753,1753,1753,1753,1753,1753,1753,1753,1753,1753,1753,1753,1753,1753,1753
1754,1754,1754,1754,1754,1754,1754,1754,1754,1754,1754,1754,1754,1754,1754,1754,1754,1754,1754,1754,1754
1755,1755,1755,1755,1755,1755,1755,1755,1755,1755,1755,1755,1755,1755,1755,1755,1755,1755,1755,1755,1755
1756,1756,1756,1756,1756,1756,1756,1756,1756,1756,1756,1756,1756,1756,1756,1756,1756,1756,1756,1756,1756
1757,1757,1757,1757,1757,1757,1757,1757,1757,1757,1757,1757,1757,1757,1757,1757,1757,1765,1765,1765,1765
1758,1758,1758,1758,1758,1758,1758,1758,1758,1758,1758,1758,1758,1758,1758,1758,1758,1766,1766,1766,1766
1762,1762,1762,1762,1762,1762,1762,1762,1762,1762,1762,1762,1762,1762,1762,1762,1762,1762,1762,1762,1762
1763,1763,1763,1763,1763,1763,1763,1763,1763,1763,1763,1763,1763,1763,1763,1763,1763,1768,1768,1768,1768
1764,1764,1764,1764,1764,1764,1764,1764,1764,1764,1764,1764,1764,1764,1764,1764,1764,1774,1774,1774,1774
1771,1771,1771,1771,1001,1001,1001,1001,1001,1001,1001,1001,1001,1001,1761,1761,1761,1761,1761,1761,1761
1772;1773,1772;1773,1772;1773,1772;1773,1772;1773,1772;1773,1772;1773,1772;1773,1772;1773,1772;1773,1772;1773,1772;1773,1772;1773,1772;1773,1772;1773,1772;1773,1772;1773,1771,1771,1771,1771
1774,1774,1774,1774,1774,1774,1774,1774,1774,1774,1774,1774,1774,1774,1774,1774,1774,1772,1772,1772,1772
1775,1775,1775,1775,1775,1775,1775,1775,1775,1775,1775,1775,1775,1775,1775,1775,1775,1773,1773,1773,1773
1776,1776,1776,1776,1776,1776,1776,1776,1776,1776,1776,1776,1776,1776,1776,1776,1776,1763,1763,1763,1763
1777,1777,1777,1777,1777,1777,1777,1777,1777,1777,1777,1777,1777,1777,1777,1777,1777,1764,1764,1764,1764
1778,1778,1778,1778,1778,1778,1778,1778,1778,1778,1778,1778,1778,1778,1778,1778,1778,1767,1767,1767,1767
1781;1782,1781;1782,1781;1782,1781;1782,1002;1782,1002;1782,1002;1782,1002;1782,1002;1782,1002;1782,1002;1782,1002;1782,1002;1782,1002;1782,1781;1782,1781;1782,1781;1782,1791,1791,1791,1791
1783;1784,1783;1784,1783;1784,1783;1784,1783;1784,1783;1784,1783;1784,1783;1784,1783;1784,1783;1784,1783;1784,1783;1784,1783;1784,1783;1784,1783;1784,1783;1784,1783;1784,1792,1792,1792,1792
1785,1785,1785,1785,1785,1785,1785,1785,1785,1785,1785,1785,1785,1785,1785,1785,1785,1793,1793,1793,1793
1786,1786,1786,1786,1786,1786,1786,1786,1786,1786,1786,1786,1786,1786,1786,1786,1786,1794,1794,1794,1794
1787,1787,1787,1787,1787,1787,1787,1787,1787,1787,1787,1787,1787,1787,1787,1787,1787,1795,1795,1795,1795
1788,1788,1788,1788,1788,1788,1788,1788,1788,1788,1788,1788,1788,1788,1788,1788,1788,1796,1796,1796,1796
1791,1791,1791,1791,1791,1791,1791,1791,1791,1791,1791,1791,1791,1791,1791,1791,1791,1799,1799,1799,1799
1792,1792,1792,1792,1792,1792,1792,1792,1792,1792,1792,1792,1792,1792,1792,1792,1792,1769,1769,1769,1769
1793,1793,1793,1793,1793,1793,1793,1793,1793,1793,1793,1793,1793,1793,1793,1793,1793,1782,1782,1782,1782
1801,1801,1801,1801,1801,1801,1801,1801,1801,1801,1801,1801,1801,1801,1801,1801,1801,1801,1801,1801,1801
1802,1802,1802,1802,1802,1802,1802,1802,1802,1802,1802,1802,1802,1802,1802,1802,1802,1802,1802,1802,1802
1803,1803;1805,1803;1805,1803,1803,1803,1803,1803,1803,1803,1803,1803,1803,1803,1803,1803,1803,1803,1803,1803,1803
1804,1804;1806,1804;1806,1804,1804,1804,1804,1804,1804,1804,1804,1804,1804,1804,1804,1804,1804,1804,1804,1804,1804
1821,1821,1821,1821,1821,1821,1821,1821,1821,1821,1821,1821,1821,1821,1821,1821,1821,1821,1821,1821,1821
1822,1822,1822,1822,1822,1822,1822,1822,1822,1822,1822,1822,1822,1822,1822,1822,1822,1822,1822,1822,1822
1823,1823,1823,1823,1823,1823,1823,1823,1823,1823,1823,1823,1823,1823,1823,1823,1823,1823,1823,1823,1823
1824,1824,1824,1824,1824,1824,1824,1824,1824,1824,1824,1824,1824,1824,1824,1824,1824,1824,1824,1824,1824
1826,1826,1826,1826,1826,1826,1826,1826,1826,1826,1826,1826,1826,1826,1826,1826,1826,1826,1826,1826,1826
1827,1827,1827,1827,1827,1827,1827,1827,1827,1827,1827,1827,1827,1827,1827,1827,1827,1827,1827,1827,1827
1829,1829,1829,1829,1829,1829,1829,1829,1829,1829,1829,1829,1829,1829,1829,1829,1829,1829,1829,1829,1829
1834,1834,1834,1834,1834,1834,1834,1834,1834,1834,1834,1834,1834,1834,1834,1834,1834,1834,1834,1834,1834
1835,1835,1835,1835,1835,1835,1835,1835,1835,1835,1835,1835,1835,1835,1835,1835,1835,1835,1835,1835,1835
1836,1836,1836,1836,1836,1836,1836,1836,1836,1836,1836,1836,1836,1836,1836,1836,1836,1836,1836,1836,1836
1837,1837,1837,1837,1837,1837,1837,1837,1837,1837,1837,1837,1837,1837,1837,1837,1837,1837,1837,1837,1837
1838,1838,1838,1838,1838,1838,1838,1838,1838,1838,1838,1838,1838,1838,1838,1838,1838,1838,1838,1838,1838
1839,1839,1839,1839,1839,1839,1839,1839,1839,1839,1839,1839,1839,1839,1839,1839,1839,1839,1839,1839,1839
1841,1841,1841,1841,1841,1841,1841,1841,1841,1841,1841,1841,1841,1841,1841,1841,1841,1841,1841,1841,1841
1842,1832;1842,1832;1842,1842,1842,1842,1842,1842,1842,1842,1842,1842,1842,1842,1842,1842,1842,1842,1842,1842,1842
1844,1844,1844,1844,1844,1844,1844,1844,1844,1844,1844,1844,1844,1844,1844,1844,1844,1844,1844,1844,1844
1846,1846,1846,1846,1846,1846,1846,1846,1846,1846,1846,1846,1846,1846,1846,1846,1846,1846,1846,1846,1846
1849,1849,1849,1849,1849,1849,1849,1849,1849,1849,1849,1849,1849,1849,1849,1849,1849,1849,1849,1849,1849
1861,1861,1861,1861,1861,1861,1861,1861,1861,1861,1861,1861,1861,1861,1861,1861,1861,1861,1861,1861,1861
1862,1862,1862,1862,1862,1862,1862,1862,1862,1862,1862,1862,1862,1862,1862,1862,1862,1862,1862,1862,1862
1863,1863,1863,1863,1863,1863,1863,1863,1863,1863,1863,1863,1863,1863,1863,1863,1863,1863,1863,1863,1863
1864,1864,1864,1864,1864,1864,1864,1864,1864,1864,1864,1864,1864,1864,1864,1864,1864,1864,1864,1864,1864
1871,1831;1851;1871,1831;1851;1871,1871,1871,1871,1871,1871,1871,1871,1871,1871,1871,1871,1871,1871,1871,1871,1871,1871,1871
1881,1881;1891,1881;1891,1881,1881,1881,1881,1881,1881,1881,1881,1881,1881,1881,1881,1881,1881,1881,1881,1881,1881
1901,1901,1901,1901,1601,1601,1601,1601,1601,1601,1601,1601,1601,1601,1601,1601,1601,1601,1601,1601,1601
1902;1918,1902;1918;1927,1902;1918;1927,1902;1918,1602;1618,1602;1618,1602;1618,1602;1618,1602;1618,1602;1618,1602;1618,1602;1618,1602;1618,1602;1618,1602;1618,1602;1618,1602;1618,1612,1612,1612,1612
1903,1903,1903,1903,1603,1603,1603,1603,1603,1603,1603,1603,1603,1603,1603,1603,1603,1613,1613,1613,1613
1904,1904,1904,1904,1604,1604,1604,1604,1604,1604,1604,1604,1604,1604,1604,1604,1604,1614,1614,1614,1614
1905,1905,1905,1905,1605,1605,1605,1605,1605,1605,1605,1605,1605,1605,1605,1605,1605,1615,1615,1615,1615
1906,1906,1906,1906,1606,1606,1606,1606,1606,1606,1606,1606,1606,1606,1606,1606,1606,1616,1616,1616,1616
1907,1907;1928,1907;1928,1907,1607,1607,1607,1607,1607,1607,1607,1607,1607,1607,1607,1607,1607,1617,1617,1617,1617
1908;1909,1908;1909,1908;1909,1908;1909,1608;1609,1608;1609,1608;1609,1608;1609,1608;1609,1608;1609,1608;1609,1608;1609,1608;1609,1608;1609,1608;1609,1608;1609,1608;1609,1618,1618,1618,1618
1911,1911,1911,1911,1611,1611,1611,1611,1611,1611,1611,1611,1611,1611,1611,1611,1611,1602,1602,1602,1602
1912,1912,1912,1912,1612,1612,1612,1612,1612,1612,1612,1612,1612,1612,1612,1612,1612,1603,1603,1603,1603
1913,1913,1913,1913,1613,1613,1613,1613,1613,1613,1613,1613,1613,1613,1613,1613,1613,1604,1604,1604,1604
1914,1914,1914,1914,1614,1614,1614,1614,1614,1614,1614,1614,1614,1614,1614,1614,1614,1605,1605,1605,1605
1916,1916,1916,1916,1616,1616,1616,1616,1616,1616,1616,1616,1616,1616,1616,1616,1616,1607,1607,1607,1607
1917,1917,1917,1917,1617,1617,1617,1617,1617,1617,1617,1617,1617,1617,1617,1617,1617,1608,1608,1608,1608
1921,1921,1921,1921,1708,1708,1708,1708,1708,1708,1708,1708,1708,1708,1708,1708,1708,1708,1708,1708,1708
1922,1922,1922,1922,1709,1709,1709,1709,1709,1709,1709,1709,1709,1709,1709,1709,1709,1709,1709,1709,1709
1923,1923,1923,1923,1621,1621,1621,1621,1621,1621,1621,1621,1621,1621,1621,1621,1621,1621,1621,1621,1621
1924,1924,1924,1924,1615,1615,1615,1615,1615,1615,1615,1615,1615,1615,1615,1615,1615,1606,1606,1606,1606
1929,1929,1929,1929,1629,1629,1629,1629,1629,1629,1629,1629,1629,1629,1629,1629,1629,1619,1619,1619,1619
1931,1931,1931,1931,1717,1717,1717,1717,1717,1717,1717,1717,1717,1717,1717,1717,1717,1717,1717,1717,1717
1932,1932,1932,1932,1718,1718,1718,1718,1718,1718,1718,1718,1718,1718,1718,1718,1718,1718,1718,1718,1718
1933,1933,1933,1933,1719,1719,1719,1719,1719,1719,1719,1719,1719,1719,1719,1719,1719,1719,1719,1719,1719
1934,1934,1934,1934,1622,1622,1622,1622,1622,1622,1622,1622,1622,1622,1622,1622,1622,1622,1622,1622,1622
1935,1935,1935,1935,1623,1623,1623,1623,1623,1623,1623,1623,1623,1623,1623,1623,1623,1623,1623,1623,1623
1936,1936,1936,1936,1624,1624,1624,1624,1624,1624,1624,1624,1624,1624,1624,1624,1624,1624,1624,1624,1624
1941;1951,1941;1951,1941;1951,1941;1951,1729,1729,1729,1729,1729,1729,1729,1729,1729,1729,1729,1729,1729,1729,1729,1729,1729
1942,1942,1942,1942,1631,1631,1631,1631,1631,1631,1631,1631,1631,1631,1631,1631,1631,1625,1625,1625,1625
1943;1953,1943;1953,1943;1953,1943;1953,1632,1632,1632,1632,1632,1632,1632,1632,1632,1632,1632,1632,1632,1626,1626,1626,1626
1944,1944,1944,1944,1625,1625,1625,1625,1625,1625,1625,1625,1625,1625,1625,1625,1625,1627,1627,1627,1627
1961,1961,1961,1961,1739,1739,1739,1739,1739,1739,1739,1739,1739,1739,1739,1739,1739,1738,1738,1738,1738
1962,1962,1962,1962,1641,1641,1641,1641,1641,1641,1641,1641,1641,1641,1641,1641,1641,1641,1641,1641,1641
1963,1963,1963,1963,1642,1642,1642,1642,1642,1642,1642,1642,1642,1642,1642,1642,1642,1642,1642,1642,1642
1964,1964,1964,1964,1643,1643,1643,1643,1643,1643,1643,1643,1643,1643,1643,1643,1643,1643,1643,1643,1643
1971,1971,1971,1971,1748,1748,1748,1748,1748,1748,1748,1748,1748,1748,1748,1748,1748,1749,1749,1749,1749
1972,1972,1972,1972,1749,1749,1749,1749,1749,1749,1749,1749,1749,1749,1749,1749,1749,1739,1739,1739,1739
1973,1973,1973,1973,1644,1644,1644,1644,1644,1644,1644,1644,1644,1644,1644,1644,1644,1644,1644,1644,1644
1974,1974,1974,1974,1645,1645,1645,1645,1645,1645,1645,1645,1645,1645,1645,1645,1645,1645,1645,1645,1645
1981,1981,1981,1981,1765,1765,1765,1765,1765,1765,1765,1765,1765,1765,1765,1765,1765,1775,1775,1775,1775
1982,1982,1982,1982,1766,1766,1766,1766,1766,1766,1766,1766,1766,1766,1766,1766,1766,1776,1776,1776,1776
1983,1983,1983,1983,1767,1767,1767,1767,1767,1767,1767,1767,1767,1767,1767,1767,1767,1777,1777,1777,1777
1984,1984,1984,1984,1768,1768,1768,1768,1768,1768,1768,1768,1768,1768,1768,1768,1768,1778,1778,1778,1778
1985,1985,1985,1985,1769,1769,1769,1769,1769,1769,1769,1769,1769,1769,1769,1769,1769,1779,1779,1779,1779
1986;1987;1996,1977;1978;1979;1986;1987;1996,1977;1978;1979;1986;1987;1996,1986;1987;1996,1779;1759,1779;1759,1779;1759,1779;1759,1779;1759,1779;1759,909;917,909;917,909;917,909;917,909;917,909;917,909;917,909;917,909;917,909;917,909;917
1991,1991,1991,1991,1794,1794,1794,1794,1794,1794,1794,1794,1794,1794,1794,1794,1794,1783,1783,1783,1783
1992,1992,1992,1992,1795,1795,1795,1795,1795,1795,1795,1795,1795,1795,1795,1795,1795,1784,1784,1784,1784
1993,1993,1993,1993,1796,1796,1796,1796,1796,1796,1796,1796,1796,1796,1796,1796,1796,1785,1785,1785,1785
1994,1988;1994,1988;1994,1994,1798,1798,1798,1798,1798,1798,1798,1798,1798,1798,1798,1798,1798,1787,1787,1787,1787
1995,1989;1995;1999,1989;1995;1999,1995,1799,1799,1799,1799,1799,1799,1799,1799,1799,1799,1799,1799,1799,1789,1789,1789,1789
1997,1997,1997,1997,1742,1742,1742,1742,1742,1742,918,918,918,918,918,918,918,918,918,918,918
1998,1998,1998,1998,1743,1743,1743,1743,1743,1743,919,919,919,919,919,919,919,919,919,919,919
