RD2009,RD2008,NEW BASIC CAR,OLD BASIC CAR
101,101,1A1,1A1
105,105,1A1,1A1
109,109,1A1,1A1
111,111,1A1,1A1
112,112,1A1,1A1
118,118,1A1,1A1
119,119,1A1,1A1
121,121,1A1,1A1
122,122,1A1,1A1
123,123,1A1,1A1
124,124,1A1,1A1
127,127,1A1,1A1
128,128,1A29,1A29
129,129,1A29,1A29
131,131,1A1,1A1
132,132,1A1,1A1
133,133,1A1,1A1
134,134,1A41,1A41
135,135,1A35,1A35
138,138,1A29,1A29
139,139,1A29,1A29
141,141,1A41,1A41
142,142,1A41,1A41
143,143,1A41,1A41
144,144,1A35,1A35
145,145,1A35,1A35
146,146,1A35,1A35
147,147,1A35,1A35
148,148,1A29,1A29
151,151,1A41,1A41
152,152,1A41,1A41
153,153,1A41,1A41
154,154,1A35,1A35
155,155,1A35,1A35
156,156,1A35,1A35
157,157,1A29,1A29
158,158,1A29,1A29
159,159,1A29,1A29
161,161,1A61,1A61
162,162,1A61,1A61
163,163,1A85,1A85
164,164,1A35,1A35
165,165,1A35,1A35
166,166,1A35,1A35
171,171,1A61,1A61
174,174,1A85,1A85
176,176,1A85,1A85
181,181,1A61,1A61
182,182,1A61,1A61
185,185,1A85,1A85
191,191,1A61,1A61
192,192,1A61,1A61
195,195,1A85,1A85
201,211,2A1,2A21
202,212,2A1,2A21
204,213,2A12,2A15
205,214,2A12,2A15
216,215,2A17,2A15
203,216,2A1,2A21
218,217,2A39,2A18
217,218,2A17,2A15
219,219,2A39,2A18
211,221,2A1,2A21
212,222,2A12,2A21
221,223,2A1,2A21
215,224,2A12,2A15
2017,225,20A25,2A42
233,226,2A17,2A31
2026,227,20A25,2A42
251,228,2A45,2A44
2015,231,20A25,2A31
2016,232,20A25,2A42
2019,233,20A39,2A31
231,234,2A12,2A31
235,235,2A17,2A45
236,236,2A56,2A56
237,237,2A39,2A18
238,238,2A39,2A18
239,239,2A39,2A18
2025,241,20A25,2A42
2027,242,20A45,2A51
2029,243,20A39,2A44
241,244,2A45,2A44
245,245,2A45,2A45
246,246,2A56,2A56
248,247,2A69,2A79
247,248,2A56,2A56
249,249,2A69,2A79
2035,251,20A45,2A51
2038,252,20A39,2A51
2036,253,20A45,2A51
2039,254,20A39,2A51
256,256,2A56,2A56
257,257,2A69,2A79
261,264,2A45,2A45
265,266,2A75,2A75
266,267,2A75,2A75
269,269,2A69,2A79
271,274,2A75,2A75
275,275,2A75,2A75
281,276,2A92,2A98
285,277,2A92,2A98
279,279,2A92,2A79
2076,281,20A97,2A91
2079,282,20A97,2A91
2088,283,20A97,2A91
291,284,2A92,2A98
295,286,2A92,2A98
289,289,2A92,2A98
2097,291,20A97,2A91
2099,292,20A97,2A91
292,296,2A92,2A98
299,299,2A92,2A98
301,301,3A1,3A1
303,303,3A1,3A1
305,305,3A31,3A31
307,307,3A31,3A31
308,308,3A19,3A19
309,309,3A19,3A19
311,311,3A1,3A1
312,312,3A1,3A1
313,313,3A15,3A15
314,314,3A15,3A15
315,315,3A15,3A15
316,316,3A15,3A15
317,317,3A15,3A15
318,318,3A19,3A19
319,319,3A19,3A19
321,321,3A1,3A1
325,325,3A19,3A19
326,326,3A15,3A15
327,327,3A19,3A19
328,328,3A19,3A19
329,329,3A19,3A19
331,331,3A31,3A31
332,332,3A31,3A31
333,333,3A31,3A31
334,334,3A31,3A31
335,335,3A31,3A31
336,336,3A31,3A31
337,337,3A15,3A15
338,338,3A57,3A57
341,341,3A41,3A41
343,343,3A41,3A41
351,351,3A31,3A31
353,353,3A31,3A31
354,354,3A55,3A55
355,355,3A55,3A55
356,356,3A55,3A55
357,357,3A57,3A57
358,358,3A57,3A57
359,359,3A57,3A57
361,361,3A41,3A41
362,362,3A63,3A63
363,363,3A63,3A63
373,373,3A73,3A73
374,374,3A73,3A73
375,375,3A55,3A55
376,376,3A55,3A55
377,377,3A57,3A57
378,378,3A57,3A57
379,379,3A57,3A57
391,391,3A41,3A41
392,392,3A73,3A73
393,393,3A73,3A73
394,394,3A73,3A73
395,395,3A99,3A99
396,396,3A99,3A99
397,397,3A99,3A99
398,398,3A99,3A99
399,399,3A99,3A99
401,401,4A3,4A3
402,402,4A3,4A3
403,403,4A3,4A3
404,404,4A3,4A3
405,405,4A3,4A3
406,406,4A3,4A3
407,407,4A3,4A3
408,408,4A9,4A9
409,409,4A9,4A9
411,411,4A3,4A3
412,412,4A3,4A3
413,413,4A3,4A3
414,414,4A3,4A3
415,415,4A15,4A15
416,416,4A15,4A15
417,417,4A15,4A15
418,418,4A9,4A9
421,421,4A15,4A15
422,422,4A15,4A15
423,423,4A15,4A15
424,424,4A15,4A15
426,426,4A9,4A9
427,427,4A9,4A9
428,428,4A9,4A9
429,429,4A9,4A9
437,437,4A59,4A59
438,438,4A9,4A9
439,439,4A9,4A9
441,441,4A15,4A15
442,442,4A15,4A15
443,443,4A15,4A15
445,445,4A15,4A15
448,448,4A59,4A59
449,449,4A59,4A59
451,451,4A71,4A71
452,452,4A71,4A71
453,453,4A53,4A53
454,454,4A53,4A53
455,455,4A53,4A53
456,456,4A59,4A59
457,457,4A53,4A53
459,459,4A59,4A59
461,461,4A71,4A71
462,462,4A71,4A71
463,463,4A53,4A53
464,464,4A71,4A71
465,465,4A59,4A59
466,466,4A53,4A53
467,467,4A71,4A71
468,468,4A59,4A59
469,469,4A59,4A59
471,471,4A71,4A71
473,473,4A71,4A71
477,477,4A71,4A71
478,478,4A97,4A97
479,479,4A97,4A97
483,483,4A71,4A71
487,487,4A97,4A97
488,488,4A97,4A97
489,489,4A97,4A97
491,491,4A97,4A97
497,497,4A97,4A97
499,499,4A97,4A97
501,501,5A1,5A1
502,502,5A1,5A1
503,503,5A11,5A11
504,504,5A1,5A1
505,505,5A1,5A1
506,506,5A1,5A1
507,507,5A1,5A1
508,508,5A11,5A11
509,509,5A11,5A11
511,511,5A11,5A11
512,512,5A11,5A11
513,513,5A11,5A11
514,514,5A15,5A15
515,515,5A15,5A15
516,516,5A15,5A15
517,517,5A17,5A17
518,518,5A15,5A15
519,519,5A15,5A15
521,521,5A55,5A55
522,522,5A25,5A25
523,523,5A25,5A25
524,524,5A25,5A25
525,525,5A25,5A25
526,526,5A25,5A25
527,527,5A25,5A25
528,528,5A17,5A17
529,529,5A17,5A17
531,531,5A11,5A11
532,532,5A15,5A15
541,541,5A55,5A55
551,551,5A55,5A55
555,555,5A55,5A55
557,557,5A55,5A55
558,558,5A59,5A59
559,559,5A59,5A59
561,561,5A55,5A55
562,562,5A55,5A55
563,563,5A85,5A85
564,564,5A59,5A59
565,565,5A55,5A55
566,566,5A59,5A59
567,567,5A59,5A59
569,569,5A59,5A59
581,581,5A85,5A85
583,583,5A85,5A85
584,584,5A85,5A85
585,585,5A85,5A85
587,587,5A85,5A85
589,589,5A85,5A85
599,599,5A59,5A59
1588,604,15A67,6A15
1589,609,15A67,6A15
615,615,6A15,6A15
621,621,6A31,6A31
622,622,6A31,6A31
625,625,6A31,6A15
626,626,6A15,6A15
627,627,6A15,6A15
628,628,6A15,6A15
629,629,6A15,6A15
631,631,6A31,6A31
632,632,6A31,6A31
635,635,6A15,6A15
636,636,6A15,6A37
637,637,6A49,6A37
638,638,6A49,6A49
639,639,6A49,6A49
642,642,6A31,6A31
643,643,6A45,6A31
644,644,6A45,6A31
645,645,6A45,6A45
646,646,6A65,6A45
647,647,6A67,6A37
648,648,6A49,6A49
649,649,6A49,6A49
656,656,6A77,6A77
657,657,6A77,6A77
659,659,6A79,6A79
665,665,6A65,6A65
666,666,6A67,6A65
667,667,6A67,6A77
668,668,6A79,6A79
669,669,6A79,6A79
701,671,7A1,6A71
702,672,7A1,6A71
705,674,7A1,6A71
676,676,6A77,6A77
677,677,6A77,6A77
678,678,6A77,6A97
679,679,6A79,6A79
711,691,7A1,6A71
713,692,7A1,6A71
714,693,7A1,6A71
715,694,7A1,6A71
2001,696,20A1,6A97
2002,697,20A1,6A97
2004,698,20A13,6A97
2005,699,20A13,6A97
721,701,7A21,7A1
723,702,7A21,7A1
724,703,7A33,7A3
725,704,7A33,7A3
726,705,7A17,7A3
706,706,7A17,7A3
719,707,7A17,7A7
2011,708,20A1,7A7
2014,709,20A13,7A29
722,711,7A21,7A1
734,714,7A33,7A3
736,715,7A17,7A33
717,716,7A17,7A3
727,717,7A17,7A3
729,718,7A17,7A7
2023,719,20A13,7A29
732,721,7A21,7A1
733,722,7A33,7A33
735,723,7A33,7A33
737,724,7A17,7A7
738,725,7A17,7A7
739,726,7A17,7A7
2021,727,20A1,7A7
2022,728,20A1,7A7
2024,729,20A33,7A29
742,731,7A21,7A33
743,732,7A33,7A33
745,733,7A33,7A33
747,734,7A47,7A35
749,735,7A47,7A35
2041,736,20A53,7A47
2031,737,20A53,7A47
2033,738,20A33,7A47
2034,739,20A33,7A47
752,741,7A53,7A33
753,742,7A53,7A33
755,743,7A53,7A61
758,745,7A47,7A35
759,746,7A69,7A87
2062,747,20A53,7A47
2053,748,20A53,7A47
2054,749,20A53,7A55
2063,754,20A53,7A47
2064,755,20A53,7A55
2055,756,20A69,7A55
2045,757,20A45,7A55
2049,758,20A69,7A55
2058,759,20A69,7A55
762,761,7A53,7A61
763,762,7A53,7A61
764,763,7A53,7A61
765,764,7A47,7A35
766,765,7A47,7A35
767,766,7A69,7A87
2071,767,20A71,7A89
2073,768,20A71,7A89
2069,769,20A69,7A55
782,771,7A73,7A61
773,772,7A73,7A61
774,773,7A85,7A73
776,774,7A85,7A73
777,775,7A85,7A73
778,776,7A69,7A87
2081,777,20A71,7A89
2083,778,20A71,7A89
2074,779,20A71,7A89
783,782,7A73,7A73
784,783,7A73,7A73
785,784,7A85,7A73
787,785,7A85,7A73
788,786,7A69,7A87
789,787,7A69,7A87
2091,788,20A71,7A89
2093,789,20A71,7A89
775,792,7A85,7A73
769,793,7A69,7A87
779,794,7A69,7A87
2042,795,20A53,7A47
2044,796,20A33,7A47
2046,797,20A45,7A55
2013,798,20A13,7A29
2056,799,20A69,7A55
801,801,8A1,8A1
802,802,8A1,8A1
803,803,8A13,8A13
804,804,8A13,8A13
805,805,8A29,8A29
806,806,8A29,8A29
807,807,8A29,8A29
808,808,8A29,8A29
809,809,8A29,8A29
811,811,8A1,8A1
812,812,8A13,8A13
813,813,8A13,8A13
814,814,8A13,8A13
815,815,8A29,8A29
816,816,8A29,8A29
817,817,8A29,8A29
818,818,8A29,8A29
819,819,8A29,8A29
821,821,8A1,8A1
822,822,8A1,8A1
823,823,8A1,8A1
824,824,8A1,8A1
825,825,8A13,8A13
826,826,8A13,8A13
827,827,8A13,8A13
828,828,8A29,8A29
829,829,8A29,8A29
831,831,8A13,8A13
832,832,8A13,8A13
833,833,8A29,8A29
834,834,8A29,8A29
835,835,8A35,8A35
836,836,8A35,8A35
837,837,8A29,8A29
838,838,8A29,8A29
839,839,8A95,8A95
841,841,8A53,8A53
842,842,8A53,8A53
843,843,8A13,8A13
847,847,8A35,8A35
848,848,8A95,8A95
849,849,8A59,8A59
851,851,8A53,8A53
852,852,8A53,8A53
853,853,8A53,8A53
854,854,8A35,8A35
855,855,8A29,8A29
857,857,8A95,8A95
858,858,8A95,8A95
859,859,8A59,8A59
861,861,8A1,8A1
871,871,8A1,8A1
872,872,8A1,8A1
881,881,8A53,8A53
882,882,8A53,8A53
883,883,8A35,8A35
884,884,8A35,8A35
885,885,8A95,8A95
886,886,8A95,8A95
887,887,8A95,8A95
889,889,8A59,8A59
891,891,8A53,8A53
892,892,8A53,8A53
893,893,8A35,8A35
895,895,8A95,8A95
896,896,8A95,8A95
897,897,8A95,8A95
898,898,8A95,8A95
899,899,8A95,8A95
1006,901,10A17,9A11
1009,902,10A39,9A35
1007,911,10A17,9A11
1994,916,19A93,9A23
905,917,9A5,9A23
1017,921,10A17,9A11
1008,922,10A39,9A11
1991,923,19A93,9A23
1993,924,19A93,9A23
1995,925,19A93,9A23
1998,926,19A93,9A37
1999,927,19A93,9A37
916,928,9A19,9A49
919,929,9A19,9A49
1027,931,10A17,9A11
1018,932,10A39,9A35
1019,934,10A39,9A35
901,935,9A5,9A35
904,936,9A5,9A23
906,937,9A5,9A37
909,938,9A5,9A37
1028,941,10A17,9A11
1029,942,10A39,9A35
911,944,9A23,9A45
914,945,9A23,9A45
915,946,9A19,9A49
929,948,9A19,9A49
1037,951,10A17,9A11
1039,952,10A39,9A35
931,953,9A23,9A59
932,954,9A23,9A59
923,955,9A23,9A45
926,956,9A19,9A49
933,957,9A41,9A59
935,958,9A41,9A59
937,959,9A37,9A59
1049,961,10A17,9A11
941,962,9A41,9A59
952,963,9A41,9A79
943,964,9A41,9A65
946,965,9A37,9A65
938,966,9A37,9A65
957,967,9A63,9A79
948,968,9A37,9A65
939,969,9A37,9A65
961,971,9A63,9A83
963,972,9A63,9A79
971,973,9A63,9A83
974,974,9A63,9A83
955,975,9A63,9A79
964,976,9A63,9A79
966,977,9A63,9A79
979,978,9A63,9A89
969,979,9A37,9A79
981,983,9A89,9A83
984,984,9A89,9A83
985,986,9A89,9A89
989,988,9A89,9A89
976,989,9A63,9A89
991,995,9A89,9A83
994,998,9A89,9A89
998,999,9A89,9A89
2125,1002,21A5,10A3
2114,1003,21A1,10A3
2115,1004,21A5,10A3
2126,1005,21A5,10A3
2118,1006,21A29,10A33
2129,1007,21A29,10A33
1001,1008,10A3,10A27
1003,1009,10A3,10A27
2111,1011,21A1,10A51
2113,1012,21A1,10A51
2133,1013,21A1,10A51
2134,1014,21A1,10A51
2136,1015,21A5,10A3
1004,1016,10A3,10A27
1005,1017,10A3,10A27
2131,1021,21A1,10A51
2132,1022,21A1,10A51
2128,1023,21A29,10A33
2137,1024,21A5,10A3
2138,1025,21A29,10A33
1011,1026,10A3,10A27
1012,1027,10A3,10A27
1015,1028,10A3,10A27
2139,1029,21A29,10A33
2147,1032,21A57,10A57
2148,1033,21A29,10A33
2149,1034,21A29,10A33
1021,1035,10A21,10A47
1023,1036,10A21,10A47
1024,1037,10A21,10A47
1025,1038,10A21,10A47
2146,1042,21A57,10A57
2157,1043,21A57,10A33
2159,1044,21A29,10A33
1031,1045,10A21,10A67
1033,1046,10A21,10A67
1035,1047,10A21,10A47
1043,1048,10A83,10A67
1034,1049,10A21,10A47
2141,1051,21A43,10A51
2142,1052,21A43,10A51
2143,1053,21A43,10A51
2144,1054,21A43,10A51
2145,1055,21A43,10A51
2155,1056,21A43,10A73
2156,1057,21A57,10A57
2158,1058,21A97,10A75
1047,1059,10A17,10A87
2161,1061,21A73,10A73
2162,1062,21A73,10A73
2175,1063,21A73,10A73
2177,1064,21A97,10A75
2169,1065,21A29,10A67
1041,1066,10A83,10A67
1044,1067,10A83,10A67
1045,1068,10A83,10A67
1068,1069,10A99,10A87
2172,1071,21A73,10A73
2173,1072,21A73,10A73
2185,1073,21A73,10A73
2187,1075,21A97,10A75
1065,1076,10A99,10A67
1067,1077,10A99,10A87
1078,1078,10A99,10A87
1079,1079,10A99,10A87
2183,1081,21A73,10A73
2196,1082,21A97,10A75
2189,1083,21A97,10A75
1061,1084,10A83,10A67
1063,1085,10A83,10A67
1075,1086,10A99,10A67
1077,1087,10A99,10A87
1088,1088,10A99,10A87
1089,1089,10A99,10A87
2198,1091,21A97,10A75
2197,1092,21A97,10A75
2199,1093,21A97,10A67
1091,1094,10A83,10A67
1083,1095,10A83,10A67
1094,1096,10A83,10A67
1097,1097,10A99,10A87
1098,1098,10A99,10A87
1099,1099,10A99,10A87
1101,1101,11A1,11A1
1102,1102,11A1,11A1
1105,1105,11A19,11A19
1107,1107,11A25,11A25
1109,1109,11A19,11A19
1112,1112,11A19,11A19
1113,1113,11A19,11A19
1115,1115,11A19,11A19
1116,1116,11A37,11A37
1117,1117,11A19,11A19
1118,1118,11A37,11A37
1119,1119,11A19,11A19
1122,1122,11A1,11A1
1123,1123,11A1,11A1
1124,1124,11A89,11A89
1125,1125,11A25,11A25
1126,1126,11A25,11A25
1127,1127,11A25,11A25
1128,1128,11A25,11A25
1129,1129,11A25,11A25
1132,1132,11A1,11A1
1133,1133,11A1,11A1
1134,1134,11A89,11A89
1135,1135,11A89,11A89
1136,1136,11A19,11A19
1137,1137,11A37,11A37
1138,1138,11A37,11A37
1139,1139,11A37,11A37
1141,1141,11A1,11A1
1142,1142,11A1,11A1
1143,1143,11A71,11A71
1144,1144,11A71,11A71
1145,1145,11A71,11A71
1146,1146,11A95,11A95
1147,1147,11A89,11A89
1148,1148,11A37,11A37
1149,1149,11A37,11A37
1151,1151,11A51,11A51
1152,1152,11A51,11A51
1153,1153,11A1,11A1
1157,1157,11A1,11A1
1158,1158,11A89,11A89
1159,1159,11A37,11A37
1161,1161,11A51,11A51
1162,1162,11A51,11A51
1163,1163,11A51,11A51
1169,1169,11A37,11A37
1171,1171,11A71,11A71
1172,1172,11A71,11A71
1173,1173,11A95,11A95
1174,1174,11A95,11A95
1175,1175,11A95,11A95
1176,1176,11A95,11A95
1177,1177,11A89,11A89
1178,1178,11A89,11A89
1179,1179,11A89,11A89
1181,1181,11A71,11A71
1183,1183,11A95,11A95
1184,1184,11A95,11A95
1185,1185,11A95,11A95
1186,1186,11A95,11A95
1189,1189,11A89,11A89
1195,1195,11A95,11A95
1199,1199,11A95,11A95
1203,1203,12A3,12A3
1204,1204,12A3,12A3
1205,1205,12A3,12A3
1207,1207,12A15,12A15
1208,1208,12A15,12A15
1209,1209,12A15,12A15
1211,1211,12A31,12A31
1213,1213,12A3,12A3
1215,1215,12A15,12A15
1218,1218,12A15,12A15
1219,1219,12A15,12A15
1231,1231,12A31,12A31
1232,1232,12A31,12A31
1233,1233,12A45,12A45
1235,1235,12A45,12A45
1239,1239,12A49,12A49
1241,1241,12A51,12A51
1242,1242,12A51,12A51
1243,1243,12A45,12A45
1245,1245,12A45,12A45
1248,1248,12A49,12A49
1249,1249,12A49,12A49
1251,1251,12A51,12A51
1252,1252,12A51,12A51
1253,1253,12A53,12A53
1255,1255,12A53,12A53
1256,1256,12A58,12A58
1257,1257,12A53,12A53
1258,1258,12A58,12A58
1259,1259,12A69,12A69
1263,1263,12A53,12A53
1265,1265,12A53,12A53
1266,1266,12A66,12A66
1267,1267,12A53,12A53
1268,1268,12A66,12A66
1269,1269,12A69,12A69
1273,1273,12A73,12A73
1283,1283,12A73,12A73
1293,1293,12A73,12A73
1303,1303,13A13,13A13
1307,1307,13A9,13A9
1309,1309,13A9,13A9
1311,1311,13A13,13A13
1313,1313,13A13,13A13
1317,1317,13A9,13A9
1321,1321,13A13,13A13
1322,1322,13A13,13A13
1323,1323,13A13,13A13
1324,1324,13A27,13A27
1325,1325,13A27,13A27
1326,1326,13A27,13A27
1327,1327,13A27,13A27
1331,1331,13A41,13A41
1333,1333,13A43,13A43
1341,1341,13A41,13A41
1342,1342,13A41,13A41
1343,1343,13A43,13A43
1344,1344,13A43,13A43
1345,1345,13A27,13A27
1346,1346,13A27,13A27
1347,1347,13A27,13A27
1351,1351,13A41,13A41
1352,1352,13A61,13A61
1353,1353,13A43,13A43
1354,1354,13A41,13A41
1361,1361,13A61,13A61
1362,1362,13A61,13A61
1363,1363,13A61,13A61
1364,1364,13A75,13A75
1365,1365,13A75,13A75
1367,1367,13A75,13A75
1371,1371,13A85,13A85
1372,1372,13A85,13A85
1373,1373,13A85,13A85
1375,1375,13A75,13A75
1377,1377,13A75,13A75
1381,1381,13A93,13A93
1383,1383,13A93,13A93
1385,1385,13A85,13A85
1391,1391,13A93,13A93
1393,1393,13A93,13A93
1394,1394,13A93,13A93
1395,1395,13A93,13A93
1401,1401,14A25,14A25
1402,1402,14A25,14A25
1403,1403,14A27,14A27
1405,1405,14A27,14A27
1406,1406,14A27,14A27
1407,1407,14A27,14A27
1408,1408,14A27,14A27
1409,1409,14A27,14A27
1411,1411,14A11,14A11
1412,1412,14A11,14A11
1413,1413,14A13,14A13
1414,1414,14A13,14A13
1415,1415,14A25,14A25
1416,1416,14A25,14A25
1424,1424,14A25,14A25
1425,1425,14A25,14A25
1426,1426,14A25,14A25
1427,1427,14A27,14A27
1428,1428,14A27,14A27
1431,1431,14A11,14A11
1432,1432,14A13,14A13
1433,1433,14A25,14A25
1434,1434,14A25,14A25
1435,1435,14A25,14A25
1436,1436,14A25,14A25
1437,1437,14A27,14A27
1438,1438,14A27,14A27
1441,1441,14A11,14A11
1443,1443,14A45,14A45
1444,1444,14A45,14A45
1445,1445,14A45,14A45
1446,1446,14A49,14A49
1449,1449,14A49,14A49
1451,1451,14A11,14A11
1452,1452,14A11,14A11
1453,1453,14A45,14A45
1454,1454,14A45,14A45
1455,1455,14A45,14A45
1456,1456,14A49,14A49
1457,1457,14A49,14A49
1458,1458,14A49,14A49
1459,1459,14A49,14A49
1462,1462,14A45,14A45
1463,1463,14A45,14A45
1464,1464,14A45,14A45
1465,1465,14A49,14A49
1466,1466,14A73,14A73
1467,1467,14A67,14A67
1468,1468,14A49,14A49
1469,1469,14A67,14A67
1471,1471,14A73,14A73
1472,1472,14A73,14A73
1473,1473,14A73,14A73
1474,1474,14A73,14A73
1475,1475,14A73,14A73
1476,1476,14A73,14A73
1477,1477,14A67,14A67
1479,1479,14A67,14A67
1483,1483,14A73,14A73
1484,1484,14A73,14A73
1485,1485,14A73,14A73
1486,1486,14A73,14A73
1487,1487,14A67,14A67
1488,1488,14A67,14A67
1489,1489,14A67,14A67
1491,1491,14A73,14A73
1492,1492,14A73,14A73
1493,1493,14A73,14A73
1494,1494,LAX,LAX
1495,1495,14A67,14A67
1496,1496,14A67,14A67
1497,1497,14A67,14A67
1498,1498,14A67,14A67
1499,1499,14A67,14A67
1681,1501,16A81,15A3
1682,1502,16A81,15A3
1693,1503,16A81,15A3
1684,1504,16A81,15A3
1685,1505,16A81,15A3
1687,1506,16A81,15A3
1689,1507,16A81,15A3
1698,1508,16A81,15A3
1699,1509,16A81,15A3
1501,1511,15A21,15A21
1502,1512,15A21,15A21
1503,1513,15A3,15A13
1515,1514,15A3,15A13
1516,1515,15A27,15A27
1505,1516,15A3,15A13
1508,1517,15A3,15A13
1506,1518,15A3,15A13
1509,1519,15A3,15A13
1511,1521,15A21,15A21
1521,1522,15A21,15A21
1512,1523,15A21,15A21
1524,1524,15A33,15A33
1513,1525,15A21,15A21
1525,1526,15A33,15A33
1526,1527,15A27,15A27
1527,1528,15A27,15A27
1529,1529,15A27,15A27
1531,1531,15A43,15A43
1532,1532,15A33,15A33
1533,1533,15A33,15A33
1523,1534,15A33,15A33
1504,1535,15A3,15A13
1695,1536,16A81,15A3
1535,1537,15A39,15A39
1538,1538,15A39,15A39
1539,1539,15A39,15A39
1541,1542,15A43,15A43
1543,1543,15A43,15A43
1544,1544,15A43,15A43
1545,1545,15A43,15A43
1546,1546,15A43,15A43
1547,1547,15A39,15A39
1548,1548,15A39,15A39
1549,1549,15A39,15A39
1522,1551,15A21,15A21
1691,1552,16A81,15A3
1551,1553,15A43,15A43
1514,1554,15A3,15A13
1553,1555,15A43,15A43
1555,1557,15A67,15A67
1557,1558,15A67,15A67
1559,1559,15A67,15A67
1562,1562,15A85,15A85
1517,1563,15A27,15A27
1519,1564,15A27,15A27
1563,1565,15A85,15A85
1565,1566,15A85,15A85
1566,1567,15A67,15A67
1567,1568,15A67,15A67
1569,1569,15A67,15A67
1581,1581,15A85,15A85
1583,1585,15A85,15A85
1585,1586,15A85,15A85
1586,1588,15A67,15A67
1587,1589,15A67,15A67
1591,1592,15A85,15A85
1595,1595,15A85,15A85
1596,1596,15A85,15A85
1599,1599,15A67,15A67
1611,1626,16A11,16A37
1601,1627,16A11,16A37
1621,1633,16A11,16A37
1622,1634,16A11,16A37
1612,1635,16A11,16A37
1613,1636,16A23,16A53
1602,1637,16A11,16A37
1605,1638,16A35,16A65
1603,1639,16A35,16A65
1642,1646,16A23,16A53
1651,1647,16A23,16A71
1672,1648,16A77,16A97
1614,1649,16A35,16A65
1958,1651,19A79,16A71
1959,1652,19A79,16A71
1641,1653,16A23,16A53
1643,1654,16A23,16A53
1623,1655,16A23,16A53
1645,1656,16A23,16A53
1633,1657,16A23,16A53
1615,1658,16A35,16A65
1606,1659,16A35,16A65
1967,1661,19A79,16A71
1969,1662,19A79,16A71
1653,1663,16A23,16A71
1654,1664,16A23,16A53
1634,1665,16A35,16A65
1608,1666,16A35,16A65
1617,1667,16A35,16A65
1618,1668,16A35,16A65
1619,1669,16A59,16A89
1977,1671,19A79,16A71
1988,1672,19A79,16A71
1979,1673,19A79,16A71
1661,1674,16A77,16A71
1663,1675,16A77,16A97
1664,1676,16A77,16A97
1665,1677,16A77,16A97
1635,1678,16A35,16A65
1639,1679,16A59,16A89
1989,1681,19A79,16A97
1673,1682,16A77,16A97
1675,1683,16A77,16A97
1655,1684,16A35,16A65
1636,1685,16A35,16A65
1637,1686,16A35,16A65
1638,1687,16A59,16A89
1657,1688,16A59,16A89
1659,1689,16A59,16A89
1676,1691,16A77,16A97
1667,1692,16A77,16A97
1656,1693,16A35,16A65
1668,1694,16A59,16A89
1669,1695,16A59,16A89
1677,1696,16A77,16A97
1678,1697,16A77,16A97
1658,1698,16A59,16A89
1679,1699,16A59,16A89
1701,1701,17A23,17A27
1712,1702,17A35,17A27
1703,1703,17A35,17A27
1714,1704,17A35,17A27
1705,1705,17A35,17A27
1715,1706,17A35,17A27
1707,1707,17A35,17A27
1713,1713,17A35,17A27
1728,1714,17A35,17A55
1716,1715,17A35,17A27
1729,1716,17A35,17A27
1721,1721,17A23,17A23
1722,1722,17A23,17A23
1723,1723,17A23,17A23
1725,1724,17A23,17A23
1727,1725,17A35,17A55
1743,1726,17A35,17A55
1735,1727,17A35,17A27
1737,1728,17A35,17A27
1751,1731,17A23,17A23
1752,1732,17A23,17A23
1753,1733,17A23,17A23
1763,1734,17A23,17A23
1765,1735,17A35,17A55
1754,1736,17A35,17A55
1745,1737,17A49,17A45
1747,1738,17A49,17A45
1755,1744,17A35,17A55
1756,1745,17A49,17A45
1768,1746,17A95,17A45
1757,1747,17A49,17A45
1761,1751,17A23,17A23
1762,1752,17A81,17A23
1772,1753,17A81,17A23
1764,1754,17A81,17A55
1766,1755,17A67,17A55
1767,1756,17A67,17A55
1773,1757,17A67,17A55
1774,1758,17A67,17A55
1771,1762,17A81,17A23
1775,1763,17A95,17A45
1776,1764,17A95,17A45
2101,1771,21A1,17A83
2104,1772,21A5,17A83
2106,1773,21A5,17A83
1781,1774,17A81,17A83
1782,1775,17A81,17A83
1783,1776,17A67,17A55
1785,1777,17A67,17A55
1787,1778,17A67,17A45
2102,1781,21A1,17A83
2103,1782,21A1,17A83
2105,1783,21A5,17A83
2107,1784,21A5,17A83
1791,1785,17A81,17A83
1792,1786,17A81,17A83
1793,1787,17A67,17A55
1794,1788,17A67,17A55
1795,1791,17A95,17A45
1788,1792,17A95,17A45
1796,1793,17A95,17A45
1801,1801,18A1,18A1
1802,1802,18A1,18A1
1803,1803,18A3,18A3
1804,1804,18A3,18A3
1805,1805,18A3,18A3
1806,1806,18A3,18A3
1821,1821,18A17,18A17
1822,1822,18A17,18A17
1823,1823,18A3,18A3
1824,1824,18A34,18A34
1826,1826,18A26,18A26
1827,1827,18A26,18A26
1829,1829,18A26,18A26
1831,1831,18A97,18A97
1832,1832,18A41,18A41
1834,1834,18A34,18A34
1835,1835,18A35,18A35
1836,1836,18A35,18A35
1837,1837,18A35,18A35
1838,1838,18A49,18A49
1839,1839,18A49,18A49
1841,1841,18A41,18A41
1842,1842,18A41,18A41
1844,1844,18A34,18A34
1846,1846,18A35,18A35
1849,1849,18A49,18A49
1851,1851,18A97,18A97
1861,1861,18A97,18A97
1862,1862,18A63,18A63
1863,1863,18A63,18A63
1864,1864,18A63,18A63
1871,1871,18A97,18A97
1881,1881,18A97,18A97
1891,1891,18A97,18A97
1901,1901,19A1,19A1
1902,1902,19A7,19A7
1903,1903,19A7,19A7
1904,1904,19A7,19A7
1905,1905,19A7,19A7
1906,1906,19A7,19A7
1907,1907,19A7,19A7
1908,1908,19A7,19A7
1909,1909,19A7,19A7
1911,1911,19A1,19A1
1912,1912,19A1,19A1
1921,1913,19A1,19A1
1913,1914,19A1,19A1
1925,1916,19A1,19A1
1915,1917,19A1,19A1
1916,1918,19A7,19A7
1708,1921,17A49,19A23
1709,1922,17A49,19A23
1931,1923,19A43,19A23
1924,1924,19A1,19A1
1917,1927,19A7,19A7
1918,1928,19A7,19A7
1919,1929,19A7,19A7
1717,1931,17A49,19A23
1718,1932,17A49,19A23
1719,1933,17A49,19A23
1934,1934,19A43,19A23
1935,1935,19A43,19A23
1936,1936,19A43,19A23
1738,1941,17A49,19A23
1941,1942,19A43,19A23
1943,1943,19A43,19A23
1944,1944,19A43,19A23
1739,1951,17A49,19A61
1945,1953,19A43,19A61
1749,1961,17A49,19A61
1951,1962,19A43,19A61
1954,1963,19A43,19A61
1955,1964,19A43,19A61
1758,1971,17A49,19A61
1759,1972,17A49,19A61
1952,1973,19A43,19A61
1956,1974,19A43,19A61
1963,1977,19A75,19A85
1966,1978,19A75,19A85
1975,1979,19A75,19A85
1777,1981,17A95,19A61
1778,1982,17A95,19A61
1779,1983,17A95,19A61
1961,1984,19A61,19A95
1962,1985,19A61,19A85
1964,1986,19A75,19A85
1974,1987,19A85,19A97
1971,1988,19A61,19A95
1972,1989,19A61,19A95
1797,1991,17A95,19A61
1798,1992,17A95,19A61
1799,1993,17A95,19A61
1981,1994,19A61,19A95
1982,1995,19A61,19A95
1984,1996,19A85,19A97
1985,1997,19A85,19A97
1987,1998,19A75,19A85
1983,1999,19A61,19A95
